AR_Ref;DE_No;AS_MontSto;AS_QteSto;AS_QteMini;AS_QteRes;qte_disponible;ratio_tension;en_rupture
1001010101;1;16516.377;14328.0;0.0;0.0;14328.0;0.0;0
1001010101;2;-0.002;0.0;0.0;0.0;0.0;;1
1001010101;4;0.0;0.0;0.0;0.0;0.0;;1
1001010101;7;0.0;0.0;0.0;0.0;0.0;;1
1001010102;7;0.0;0.0;0.0;0.0;0.0;;1
1001010102;2;0.0;0.0;0.0;0.0;0.0;;1
1001010102;1;373.451;324.0;0.0;0.0;324.0;0.0;0
1001010103;1;-0.003;0.0;0.0;0.0;0.0;;1
1001010103;2;0.0;0.0;0.0;0.0;0.0;;1
1001010103;7;0.0;0.0;0.0;0.0;0.0;;1
1001010104;7;0.0;0.0;0.0;0.0;0.0;;1
1001010104;1;3817.742;3312.0;0.0;0.0;3312.0;0.0;0
1001010104;2;0.0;0.0;0.0;0.0;0.0;;1
1001010105;1;0.0;0.0;0.0;0.0;0.0;;1
1001010105;7;0.0;0.0;0.0;0.0;0.0;;1
1001010106;7;0.0;0.0;0.0;0.0;0.0;;1
1001010106;1;0.0;0.0;0.0;0.0;0.0;;1
1001010107;2;0.0;0.0;0.0;0.0;0.0;;1
1001010107;1;1134.26;984.0;0.0;0.0;984.0;0.0;0
1001010107;7;0.0;0.0;0.0;0.0;0.0;;1
1001010108;7;0.0;0.0;0.0;0.0;0.0;;1
1001010108;1;0.007;0.0;0.0;0.0;0.0;;1
1001010109;1;-0.012;0.0;0.0;0.0;0.0;;1
1001010110;1;0.0;0.0;0.0;0.0;0.0;;1
1001010110;7;0.0;0.0;0.0;0.0;0.0;;1
1001010111;1;0.0;0.0;0.0;0.0;0.0;;1
1001010112;1;25.456;24.0;0.0;0.0;24.0;0.0;0
1001010113;1;0.0;0.0;0.0;0.0;0.0;;1
1001010113;7;0.0;0.0;0.0;0.0;0.0;;1
1001010114;7;0.0;0.0;0.0;0.0;0.0;;1
1001010114;1;0.0;0.0;0.0;0.0;0.0;;1
1001010115;1;0.0;0.0;0.0;0.0;0.0;;1
1001010116;1;0.0;0.0;0.0;0.0;0.0;;1
1001010116;7;0.0;0.0;0.0;0.0;0.0;;1
1001010117;7;0.0;0.0;0.0;0.0;0.0;;1
1001010117;1;0.0;0.0;0.0;0.0;0.0;;1
1001010118;1;0.0;0.0;0.0;0.0;0.0;;1
1001010118;7;0.0;0.0;0.0;0.0;0.0;;1
1001010119;1;0.0;0.0;0.0;0.0;0.0;;1
1001010120;1;0.0;0.0;0.0;0.0;0.0;;1
1001010121;1;0.0;0.0;0.0;0.0;0.0;;1
1001010122;1;0.0;0.0;0.0;0.0;0.0;;1
1001010123;1;0.0;0.0;0.0;0.0;0.0;;1
1001010123;7;0.0;0.0;0.0;0.0;0.0;;1
1001010125;7;0.0;0.0;0.0;0.0;0.0;;1
1001010125;1;0.0;0.0;0.0;0.0;0.0;;1
1001010125;2;0.0;0.0;0.0;0.0;0.0;;1
1001010126;1;0.0;0.0;0.0;0.0;0.0;;1
1001010126;7;0.0;0.0;0.0;0.0;0.0;;1
1001010127;1;0.0;0.0;0.0;0.0;0.0;;1
1001010127;7;0.0;0.0;0.0;0.0;0.0;;1
1001010201;7;0.0;0.0;0.0;0.0;0.0;;1
1001010201;4;0.0;0.0;0.0;0.0;0.0;;1
1001010201;2;0.0;0.0;0.0;0.0;0.0;;1
1001010201;1;0.001;0.0;0.0;0.0;0.0;;1
1001010202;1;-0.004;0.0;0.0;0.0;0.0;;1
1001010202;2;-0.003;0.0;0.0;0.0;0.0;;1
1001010202;7;0.0;0.0;0.0;0.0;0.0;;1
1001010204;7;0.0;0.0;0.0;0.0;0.0;;1
1001010204;2;0.0;0.0;0.0;0.0;0.0;;1
1001010204;1;0.0;0.0;0.0;0.0;0.0;;1
1001010205;1;14.079;11.0;0.0;0.0;11.0;0.0;0
1001010205;2;0.0;0.0;0.0;0.0;0.0;;1
1001010205;7;0.0;0.0;0.0;0.0;0.0;;1
1001010206;1;0.0;0.0;0.0;0.0;0.0;;1
1001010207;7;0.0;0.0;0.0;0.0;0.0;;1
1001010207;1;0.0;0.0;0.0;0.0;0.0;;1
1001010208;2;0.0;0.0;0.0;0.0;0.0;;1
1001010208;1;0.0;0.0;0.0;0.0;0.0;;1
1001010208;4;0.0;0.0;0.0;0.0;0.0;;1
1001010208;7;0.0;0.0;0.0;0.0;0.0;;1
1001010209;1;0.0;0.0;0.0;0.0;0.0;;1
1001010210;1;0.0;0.0;0.0;0.0;0.0;;1
1001010210;7;0.0;0.0;0.0;0.0;0.0;;1
1001010210;4;0.0;0.0;0.0;0.0;0.0;;1
1001010211;4;0.0;0.0;0.0;0.0;0.0;;1
1001010211;7;0.0;0.0;0.0;0.0;0.0;;1
1001010211;1;-0.001;0.0;0.0;0.0;0.0;;1
1001010211;2;0.0;0.0;0.0;0.0;0.0;;1
1001010212;1;0.0;0.0;0.0;0.0;0.0;;1
1001010213;2;0.0;0.0;0.0;0.0;0.0;;1
1001010213;7;0.0;0.0;0.0;0.0;0.0;;1
1001010213;1;0.0;0.0;0.0;0.0;0.0;;1
1001010214;1;0.0;0.0;0.0;0.0;0.0;;1
1001010215;1;0.002;0.0;0.0;0.0;0.0;;1
1001010215;7;0.0;0.0;0.0;0.0;0.0;;1
1001010215;2;0.0;0.0;0.0;0.0;0.0;;1
1001010217;1;0.0;0.0;0.0;0.0;0.0;;1
1001010218;1;0.0;0.0;0.0;0.0;0.0;;1
1001010220;1;0.0;0.0;0.0;0.0;0.0;;1
1001010222;1;0.005;0.0;0.0;0.0;0.0;;1
1001010222;2;0.0;0.0;0.0;0.0;0.0;;1
1001010222;7;0.0;0.0;0.0;0.0;0.0;;1
1001010223;7;0.0;0.0;0.0;0.0;0.0;;1
1001010223;1;0.0;0.0;0.0;0.0;0.0;;1
1001010224;1;0.0;0.0;0.0;0.0;0.0;;1
1001010225;1;0.0;0.0;0.0;0.0;0.0;;1
1001010231;1;0.0;0.0;0.0;0.0;0.0;;1
1001010232;7;0.0;0.0;0.0;0.0;0.0;;1
1001010232;1;0.0;0.0;0.0;0.0;0.0;;1
1001010233;1;0.0;0.0;0.0;0.0;0.0;;1
1001010233;7;0.0;0.0;0.0;0.0;0.0;;1
1001010301;7;0.024;0.0;0.0;0.0;0.0;;1
1001010301;4;0.0;0.0;0.0;0.0;0.0;;1
1001010301;2;0.0;0.0;0.0;0.0;0.0;;1
1001010301;1;8.784;4.0;0.0;0.0;4.0;0.0;0
1001010302;1;0.0;0.0;0.0;0.0;0.0;;1
1001010302;7;0.0;0.0;0.0;0.0;0.0;;1
1001010303;7;0.0;0.0;0.0;0.0;0.0;;1
1001010303;2;92.156;42.0;0.0;0.0;42.0;0.0;0
1001010303;1;4.379;2.0;0.0;0.0;2.0;0.0;0
1001010304;1;0.0;0.0;0.0;0.0;0.0;;1
1001010304;2;908.399;414.0;0.0;0.0;414.0;0.0;0
1001010304;7;0.0;0.0;0.0;0.0;0.0;;1
1001010304;4;0.0;0.0;0.0;0.0;0.0;;1
1001010305;4;0.0;0.0;0.0;0.0;0.0;;1
1001010305;7;0.0;0.0;0.0;0.0;0.0;;1
1001010305;2;0.0;0.0;0.0;0.0;0.0;;1
1001010305;1;934.739;426.0;0.0;0.0;426.0;0.0;0
1001010306;1;0.0;0.0;0.0;0.0;0.0;;1
1001010306;7;0.0;0.0;0.0;0.0;0.0;;1
1001010307;7;0.0;0.0;0.0;0.0;0.0;;1
1001010307;2;0.0;0.0;0.0;0.0;0.0;;1
1001010307;1;0.0;0.0;0.0;0.0;0.0;;1
1001010308;1;0.001;0.0;0.0;0.0;0.0;;1
1001010308;2;0.0;0.0;0.0;0.0;0.0;;1
1001010308;7;0.0;0.0;0.0;0.0;0.0;;1
1001010309;7;0.0;0.0;0.0;0.0;0.0;;1
1001010309;1;0.0;0.0;0.0;0.0;0.0;;1
1001010310;1;-0.002;0.0;0.0;0.0;0.0;;1
1001010310;7;0.0;0.0;0.0;0.0;0.0;;1
1001010310;2;0.0;0.0;0.0;0.0;0.0;;1
1001010312;7;0.0;0.0;0.0;0.0;0.0;;1
1001010312;1;0.009;0.0;0.0;0.0;0.0;;1
1001010313;1;0.0;0.0;0.0;0.0;0.0;;1
1001010314;1;1213.131;570.0;0.0;0.0;570.0;0.0;0
1001010314;2;0.0;0.0;0.0;0.0;0.0;;1
1001010316;1;0.0;0.0;0.0;0.0;0.0;;1
1001010317;1;0.0;0.0;0.0;0.0;0.0;;1
1001010318;1;0.0;0.0;0.0;0.0;0.0;;1
1001010319;1;0.0;0.0;0.0;0.0;0.0;;1
1001010319;7;0.0;0.0;0.0;0.0;0.0;;1
1001010320;1;0.0;0.0;0.0;0.0;0.0;;1
1001010320;7;0.0;0.0;0.0;0.0;0.0;;1
1001010321;1;0.0;0.0;0.0;0.0;0.0;;1
1001010322;7;0.0;0.0;0.0;0.0;0.0;;1
1001010322;1;0.0;0.0;0.0;0.0;0.0;;1
1001010322;2;17.41;8.0;0.0;0.0;8.0;0.0;0
1001010323;7;0.0;0.0;0.0;0.0;0.0;;1
1001010323;1;0.0;0.0;0.0;0.0;0.0;;1
1001010324;1;2096.1;1020.0;0.0;750.0;270.0;1.0;0
1001010325;7;0.0;0.0;0.0;0.0;0.0;;1
1001010328;7;0.0;0.0;0.0;0.0;0.0;;1
1001010328;1;0.0;0.0;0.0;0.0;0.0;;1
1001010329;1;0.0;0.0;0.0;0.0;0.0;;1
1001010329;7;0.0;0.0;0.0;0.0;0.0;;1
1001010330;1;0.0;0.0;0.0;0.0;0.0;;1
1001010331;1;0.0;0.0;0.0;0.0;0.0;;1
1001010331;7;0.0;0.0;0.0;0.0;0.0;;1
1001010401;7;0.0;0.0;0.0;0.0;0.0;;1
1001010401;4;0.0;0.0;0.0;0.0;0.0;;1
1001010401;2;0.0;0.0;0.0;0.0;0.0;;1
1001010401;1;0.0;0.0;0.0;0.0;0.0;;1
1001010402;1;0.0;0.0;0.0;0.0;0.0;;1
1001010402;2;0.0;0.0;0.0;0.0;0.0;;1
1001010402;7;0.001;0.0;0.0;0.0;0.0;;1
1001010403;7;0.0;0.0;0.0;0.0;0.0;;1
1001010403;4;0.0;0.0;0.0;0.0;0.0;;1
1001010403;2;0.0;0.0;0.0;0.0;0.0;;1
1001010403;1;0.0;0.0;0.0;0.0;0.0;;1
1001010404;1;16.85;6.0;0.0;0.0;6.0;0.0;0
1001010404;2;0.0;0.0;0.0;0.0;0.0;;1
1001010404;4;0.0;0.0;0.0;0.0;0.0;;1
1001010404;7;0.0;0.0;0.0;0.0;0.0;;1
1001010405;7;0.0;0.0;0.0;0.0;0.0;;1
1001010405;1;0.0;0.0;0.0;0.0;0.0;;1
1001010406;1;0.0;0.0;0.0;0.0;0.0;;1
1001010406;7;0.0;0.0;0.0;0.0;0.0;;1
1001010406;2;0.0;0.0;0.0;0.0;0.0;;1
1001010407;1;193.411;71.0;0.0;0.0;71.0;0.0;0
1001010409;2;0.0;0.0;0.0;0.0;0.0;;1
1001010409;7;0.0;0.0;0.0;0.0;0.0;;1
1001010409;1;0.0;0.0;0.0;0.0;0.0;;1
1001010411;7;0.0;0.0;0.0;0.0;0.0;;1
1001010411;1;0.0;0.0;0.0;0.0;0.0;;1
1001010412;1;0.0;0.0;0.0;0.0;0.0;;1
1001010412;7;0.0;0.0;0.0;0.0;0.0;;1
1001010413;7;0.0;0.0;0.0;0.0;0.0;;1
1001010413;1;0.0;0.0;0.0;0.0;0.0;;1
1001010414;1;0.0;0.0;0.0;0.0;0.0;;1
1001010414;7;0.0;0.0;0.0;0.0;0.0;;1
1001010415;1;0.0;0.0;0.0;0.0;0.0;;1
1001010416;1;0.0;0.0;0.0;0.0;0.0;;1
1001010419;1;0.0;0.0;0.0;0.0;0.0;;1
1001010419;7;0.0;0.0;0.0;0.0;0.0;;1
1001010421;1;0.0;0.0;0.0;0.0;0.0;;1
1001010501;2;0.055;0.0;0.0;0.0;0.0;;1
1001010501;1;4505.846;4248.0;0.0;0.0;4248.0;0.0;0
1001010502;1;0.0;0.0;0.0;0.0;0.0;;1
1001010601;1;0.0;0.0;0.0;0.0;0.0;;1
1001010602;1;1.06;1.0;0.0;0.0;1.0;0.0;0
1001010602;4;0.0;0.0;0.0;0.0;0.0;;1
1001010603;7;0.0;0.0;0.0;0.0;0.0;;1
1001010603;1;0.0;0.0;0.0;0.0;0.0;;1
1001010603;2;0.0;0.0;0.0;0.0;0.0;;1
1001010604;1;4582.228;4320.0;0.0;0.0;4320.0;0.0;0
1001010604;7;0.0;0.0;0.0;0.0;0.0;;1
1001010604;2;0.008;0.0;0.0;0.0;0.0;;1
1001010605;7;0.0;0.0;0.0;0.0;0.0;;1
1001010605;2;-0.031;0.0;0.0;0.0;0.0;;1
1001010605;1;-0.001;0.0;0.0;0.0;0.0;;1
1001010606;1;0.0;0.0;0.0;0.0;0.0;;1
1001010606;2;0.0;0.0;0.0;0.0;0.0;;1
1001010606;7;0.0;0.0;0.0;0.0;0.0;;1
1001010608;7;0.0;0.0;0.0;0.0;0.0;;1
1001010608;1;0.0;0.0;0.0;0.0;0.0;;1
1001010609;1;0.001;0.0;0.0;0.0;0.0;;1
1001010701;7;0.0;0.0;0.0;0.0;0.0;;1
1001010701;4;0.0;0.0;0.0;0.0;0.0;;1
1001010701;2;0.0;0.0;0.0;0.0;0.0;;1
1001010701;1;22442.587;18666.0;0.0;-240.0;18906.0;;0
1001010702;1;3.846;3.0;0.0;0.0;3.0;0.0;0
1001010702;7;0.0;0.0;0.0;0.0;0.0;;1
1001010702;2;0.0;0.0;0.0;0.0;0.0;;1
1001010703;7;0.0;0.0;0.0;0.0;0.0;;1
1001010703;1;22830.226;18984.0;0.0;-1740.0;20724.0;;0
1001010703;2;433.8;360.0;0.0;0.0;360.0;0.0;0
1001010704;1;56.078;48.0;0.0;0.0;48.0;0.0;0
1001010704;7;0.0;0.0;0.0;0.0;0.0;;1
1001010705;1;0.0;0.0;0.0;0.0;0.0;;1
1001010706;1;0.0;0.0;0.0;0.0;0.0;;1
1001010706;7;0.0;0.0;0.0;0.0;0.0;;1
1001010707;7;0.0;0.0;0.0;0.0;0.0;;1
1001010707;1;0.0;0.0;0.0;0.0;0.0;;1
1001010708;1;0.0;0.0;0.0;0.0;0.0;;1
1001010708;7;0.0;0.0;0.0;0.0;0.0;;1
1001010708;2;0.0;0.0;0.0;0.0;0.0;;1
1001010709;2;0.0;0.0;0.0;0.0;0.0;;1
1001010709;7;0.0;0.0;0.0;0.0;0.0;;1
1001010709;1;13758.261;11604.0;0.0;-240.0;11844.0;;0
1001010709;4;0.0;0.0;0.0;0.0;0.0;;1
1001010710;4;0.0;0.0;0.0;0.0;0.0;;1
1001010710;2;72.3;60.0;0.0;0.0;60.0;0.0;0
1001010710;1;10691.403;8881.0;0.0;840.0;8041.0;0.10446461882850391;0
1001010710;7;0.0;0.0;0.0;0.0;0.0;;1
1001010713;7;0.0;0.0;0.0;0.0;0.0;;1
1001010713;1;-0.001;0.0;0.0;0.0;0.0;;1
1001010714;7;0.0;0.0;0.0;0.0;0.0;;1
1001010714;1;0.0;0.0;0.0;0.0;0.0;;1
1001010715;1;-0.007;0.0;0.0;0.0;0.0;;1
1001010716;1;-0.076;0.0;0.0;0.0;0.0;;1
1001010717;1;0.004;0.0;0.0;0.0;0.0;;1
1001010718;1;1752.45;1500.0;0.0;0.0;1500.0;0.0;0
1001010801;7;0.0;0.0;0.0;0.0;0.0;;1
1001010801;5;0.0;0.0;0.0;0.0;0.0;;1
1001010801;2;24.668;12.0;0.0;0.0;12.0;0.0;0
1001010801;1;6002.8;2921.0;0.0;-1080.0;4001.0;;0
1001010802;1;0.0;0.0;0.0;0.0;0.0;;1
1001010805;1;28633.524;14280.0;0.0;-360.0;14640.0;;0
1001010805;2;36.99;18.0;0.0;0.0;18.0;0.0;0
1001010805;7;0.0;0.0;0.0;0.0;0.0;;1
1001010806;7;0.0;0.0;0.0;0.0;0.0;;1
1001010806;2;-0.311;0.0;0.0;0.0;0.0;;1
1001010806;1;59.771;30.0;0.0;0.0;30.0;0.0;0
1001010807;1;18895.962;9390.0;0.0;0.0;9390.0;0.0;0
1001010807;7;0.0;0.0;0.0;0.0;0.0;;1
1001010807;2;61.656;30.0;0.0;0.0;30.0;0.0;0
1001010808;7;0.0;0.0;0.0;0.0;0.0;;1
1001010808;2;0.0;0.0;0.0;0.0;0.0;;1
1001010808;1;0.001;0.0;0.0;0.0;0.0;;1
1001010901;1;0.0;0.0;0.0;0.0;0.0;;1
1001011001;7;0.0;0.0;0.0;0.0;0.0;;1
1001011001;4;0.0;0.0;0.0;0.0;0.0;;1
1001011001;2;142.518;54.0;0.0;0.0;54.0;0.0;0
1001011001;1;4576.824;1734.0;0.0;-2448.0;4182.0;;0
1001011002;1;0.0;0.0;0.0;0.0;0.0;;1
1001011003;1;0.001;0.0;0.0;0.0;0.0;;1
1001011003;2;0.0;0.0;0.0;0.0;0.0;;1
1001011003;7;0.0;0.0;0.0;0.0;0.0;;1
1001011004;7;0.0;0.0;0.0;0.0;0.0;;1
1001011004;1;15.833;6.0;0.0;426.0;-420.0;;0
1001011004;2;158.37;60.0;0.0;0.0;60.0;0.0;0
1001011005;4;0.0;0.0;0.0;0.0;0.0;;1
1001011005;1;0.001;0.0;0.0;0.0;0.0;;1
1001011005;7;0.0;0.0;0.0;0.0;0.0;;1
1001011006;7;0.0;0.0;0.0;0.0;0.0;;1
1001011006;2;126.696;48.0;0.0;0.0;48.0;0.0;0
1001011006;1;23663.173;8965.0;0.0;-624.0;9589.0;;0
1001011006;4;0.0;0.0;0.0;0.0;0.0;;1
1001011007;1;0.0;0.0;0.0;0.0;0.0;;1
1001011008;1;0.0;0.0;0.0;0.0;0.0;;1
1001011010;1;0.0;0.0;0.0;0.0;0.0;;1
1001011012;1;-0.124;0.0;0.0;0.0;0.0;;1
1001011012;7;0.0;0.0;0.0;0.0;0.0;;1
1001011013;7;0.0;0.0;0.0;0.0;0.0;;1
1001011013;1;199.612;78.0;0.0;48.0;30.0;1.0;0
1001011014;1;-0.001;0.0;0.0;0.0;0.0;;1
1001011014;7;0.0;0.0;0.0;0.0;0.0;;1
1001011018;7;0.0;0.0;0.0;0.0;0.0;;1
1001011018;1;-0.001;0.0;0.0;0.0;0.0;;1
1001011019;4;0.0;0.0;0.0;0.0;0.0;;1
1001011019;1;63.343;24.0;0.0;858.0;-834.0;;0
1001020201;7;0.0;0.0;0.0;0.0;0.0;;1
1001020201;1;0.0;0.0;0.0;0.0;0.0;;1
1001020202;1;-0.001;0.0;0.0;0.0;0.0;;1
1001020202;2;0.003;0.0;0.0;0.0;0.0;;1
1001020202;7;0.0;0.0;0.0;0.0;0.0;;1
1001020203;1;0.0;0.0;0.0;0.0;0.0;;1
1001020205;1;0.0;0.0;0.0;0.0;0.0;;1
1001020207;1;0.001;0.0;0.0;0.0;0.0;;1
1001020207;2;0.0;0.0;0.0;0.0;0.0;;1
1001020207;7;0.0;0.0;0.0;0.0;0.0;;1
1001020209;7;0.0;0.0;0.0;0.0;0.0;;1
1001020209;1;0.0;0.0;0.0;0.0;0.0;;1
1001020210;1;0.0;0.0;0.0;0.0;0.0;;1
1001020211;1;0.0;0.0;0.0;0.0;0.0;;1
1001020212;1;0.0;0.0;0.0;0.0;0.0;;1
1001020213;1;0.0;0.0;0.0;0.0;0.0;;1
1001020217;1;0.0;0.0;0.0;0.0;0.0;;1
1001020217;7;0.0;0.0;0.0;0.0;0.0;;1
1001020218;7;0.0;0.0;0.0;0.0;0.0;;1
1001020218;1;0.0;0.0;0.0;0.0;0.0;;1
1001020219;1;0.0;0.0;0.0;0.0;0.0;;1
1001020219;7;0.0;0.0;0.0;0.0;0.0;;1
1001020220;7;0.0;0.0;0.0;0.0;0.0;;1
1001020220;1;-0.003;0.0;0.0;0.0;0.0;;1
1001020221;1;0.002;0.0;0.0;0.0;0.0;;1
1001020221;7;0.0;0.0;0.0;0.0;0.0;;1
1001020223;7;0.0;0.0;0.0;0.0;0.0;;1
1001020223;1;0.0;0.0;0.0;0.0;0.0;;1
1001020225;1;0.0;0.0;0.0;0.0;0.0;;1
1001020225;7;0.0;0.0;0.0;0.0;0.0;;1
1001020231;2;56.796;120.0;0.0;0.0;120.0;0.0;0
1001020231;1;47291.741;103154.0;0.0;-5280.0;108434.0;;0
1001020301;7;0.0;0.0;0.0;0.0;0.0;;1
1001020301;2;467.678;456.0;0.0;0.0;456.0;0.0;0
1001020301;4;0.0;0.0;0.0;0.0;0.0;;1
1001020301;1;87578.202;85392.0;0.0;-2160.0;87552.0;;0
1001020302;1;62775.7;83196.0;0.0;-23040.0;106236.0;;0
1001020302;4;0.0;0.0;0.0;0.0;0.0;;1
1001020302;2;2046.475;2712.0;0.0;0.0;2712.0;0.0;0
1001020302;7;0.0;0.0;0.0;0.0;0.0;;1
1001020302;5;0.0;0.0;0.0;0.0;0.0;;1
1001020303;7;0.0;0.0;0.0;0.0;0.0;;1
1001020303;2;-0.011;0.0;0.0;0.0;0.0;;1
1001020303;4;0.0;0.0;0.0;0.0;0.0;;1
1001020303;1;146576.659;142918.0;0.0;-1680.0;144598.0;;0
1001020304;1;0.0;0.0;0.0;0.0;0.0;;1
1001020305;1;0.0;0.0;0.0;0.0;0.0;;1
1001020306;1;0.0;0.0;0.0;0.0;0.0;;1
1001020307;1;0.0;0.0;0.0;0.0;0.0;;1
1001020307;7;0.0;0.0;0.0;0.0;0.0;;1
1001020309;7;0.0;0.0;0.0;0.0;0.0;;1
1001020309;2;0.0;0.0;0.0;0.0;0.0;;1
1001020309;1;0.005;0.0;0.0;0.0;0.0;;1
1001020310;1;0.0;0.0;0.0;0.0;0.0;;1
1001020310;7;0.0;0.0;0.0;0.0;0.0;;1
1001020311;7;0.0;0.0;0.0;0.0;0.0;;1
1001020311;1;0.0;0.0;0.0;0.0;0.0;;1
1001020312;1;-0.048;0.0;0.0;0.0;0.0;;1
1001020312;7;0.0;0.0;0.0;0.0;0.0;;1
1001020314;7;0.0;0.0;0.0;0.0;0.0;;1
1001020314;1;0.0;0.0;0.0;0.0;0.0;;1
1001020315;1;0.0;0.0;0.0;0.0;0.0;;1
1001020315;7;0.0;0.0;0.0;0.0;0.0;;1
1001020317;7;0.0;0.0;0.0;0.0;0.0;;1
1001020317;2;0.0;0.0;0.0;0.0;0.0;;1
1001020317;1;0.0;0.0;0.0;0.0;0.0;;1
1001020318;1;0.0;0.0;0.0;0.0;0.0;;1
1001020318;7;0.0;0.0;0.0;0.0;0.0;;1
1001020319;7;0.0;0.0;0.0;0.0;0.0;;1
1001020319;2;0.01;0.0;0.0;0.0;0.0;;1
1001020319;1;145052.694;141432.0;0.0;-240.0;141672.0;;0
1001020319;4;0.0;0.0;0.0;0.0;0.0;;1
1001020321;1;118986.011;116016.0;0.0;-720.0;116736.0;;0
1001020321;2;147.686;144.0;0.0;0.0;144.0;0.0;0
1001020401;5;0.0;0.0;0.0;0.0;0.0;;1
1001020401;7;0.0;0.0;0.0;0.0;0.0;;1
1001020401;2;234.386;90.0;0.0;0.0;90.0;0.0;0
1001020401;4;0.0;0.0;0.0;0.0;0.0;;1
1001020401;1;36613.86;14059.0;0.0;-1050.0;15109.0;;0
1001020402;1;0.0;0.0;0.0;0.0;0.0;;1
1001020403;1;1015.678;390.0;0.0;0.0;390.0;0.0;0
1001020403;2;0.0;0.0;0.0;0.0;0.0;;1
1001020403;7;0.0;0.0;0.0;0.0;0.0;;1
1001020404;7;0.0;0.0;0.0;0.0;0.0;;1
1001020404;2;46.868;18.0;0.0;0.0;18.0;0.0;0
1001020404;1;0.001;0.0;0.0;0.0;0.0;;1
1001020405;1;0.0;0.0;0.0;0.0;0.0;;1
1001020405;2;0.0;0.0;0.0;0.0;0.0;;1
1001020405;7;0.0;0.0;0.0;0.0;0.0;;1
1001020406;7;0.0;0.0;0.0;0.0;0.0;;1
1001020406;2;270.612;90.0;0.0;0.0;90.0;0.0;0
1001020406;4;0.0;0.0;0.0;0.0;0.0;;1
1001020406;1;20014.551;6654.0;0.0;-210.0;6864.0;;0
1001020407;1;284.372;92.0;0.0;-30.0;122.0;;0
1001020407;4;0.0;0.0;0.0;0.0;0.0;;1
1001020407;2;409.372;132.0;0.0;0.0;132.0;0.0;0
1001020407;7;0.0;0.0;0.0;0.0;0.0;;1
1001020408;7;0.0;0.0;0.0;0.0;0.0;;1
1001020408;2;23.911;12.0;0.0;0.0;12.0;0.0;0
1001020408;1;2653.579;1292.0;0.0;-504.0;1796.0;;0
1001020409;1;0.0;0.0;0.0;0.0;0.0;;1
1001020410;1;0.0;0.0;0.0;0.0;0.0;;1
1001020410;2;125.006;48.0;0.0;0.0;48.0;0.0;0
1001020410;7;0.0;0.0;0.0;0.0;0.0;;1
1001020411;2;0.0;0.0;0.0;0.0;0.0;;1
1001020411;1;0.0;0.0;0.0;0.0;0.0;;1
1001020413;1;0.0;0.0;0.0;0.0;0.0;;1
1001020414;1;0.0;0.0;0.0;0.0;0.0;;1
1001020415;1;0.0;0.0;0.0;0.0;0.0;;1
1001020415;7;0.0;0.0;0.0;0.0;0.0;;1
1001020416;7;0.0;0.0;0.0;0.0;0.0;;1
1001020416;1;0.0;0.0;0.0;0.0;0.0;;1
1001020417;1;-0.006;0.0;0.0;0.0;0.0;;1
1001020417;4;0.0;0.0;0.0;0.0;0.0;;1
1001020417;7;0.0;0.0;0.0;0.0;0.0;;1
1001020418;7;0.0;0.0;0.0;0.0;0.0;;1
1001020418;1;0.0;0.0;0.0;0.0;0.0;;1
1001020419;1;0.0;0.0;0.0;0.0;0.0;;1
1001020420;1;0.0;0.0;0.0;0.0;0.0;;1
1001020424;1;0.0;0.0;0.0;0.0;0.0;;1
1001020425;1;0.0;0.0;0.0;0.0;0.0;;1
1001020429;1;0.0;0.0;0.0;0.0;0.0;;1
1001020430;1;-0.001;0.0;0.0;0.0;0.0;;1
1001020430;2;31.253;12.0;0.0;0.0;12.0;0.0;0
1001020430;7;0.0;0.0;0.0;0.0;0.0;;1
1001020432;1;0.0;0.0;0.0;0.0;0.0;;1
1001020433;1;0.0;0.0;0.0;0.0;0.0;;1
1001020437;1;0.0;0.0;0.0;0.0;0.0;;1
1001020438;1;0.0;0.0;0.0;0.0;0.0;;1
1001020439;1;16.052;6.0;0.0;0.0;6.0;0.0;0
1001020439;7;0.0;0.0;0.0;0.0;0.0;;1
1001020449;7;0.0;0.0;0.0;0.0;0.0;;1
1001020449;2;180.408;60.0;0.0;0.0;60.0;0.0;0
1001020449;1;8428.162;2803.0;0.0;-150.0;2953.0;;0
1001020450;1;18563.983;6174.0;0.0;-150.0;6324.0;;0
1001020450;7;0.0;0.0;0.0;0.0;0.0;;1
1001020450;2;180.408;60.0;0.0;0.0;60.0;0.0;0
1001020503;7;0.0;0.0;0.0;0.0;0.0;;1
1001020503;2;0.0;0.0;0.0;0.0;0.0;;1
1001020503;1;-0.029;0.0;0.0;0.0;0.0;;1
1001020504;1;0.0;0.0;0.0;0.0;0.0;;1
1001020504;2;0.0;0.0;0.0;0.0;0.0;;1
1001020504;7;0.0;0.0;0.0;0.0;0.0;;1
1001020601;7;0.0;0.0;0.0;0.0;0.0;;1
1001020607;7;0.0;0.0;0.0;0.0;0.0;;1
1001020607;2;455.712;120.0;0.0;0.0;120.0;0.0;0
1001020607;4;0.0;0.0;0.0;0.0;0.0;;1
1001020607;1;150.004;36.0;0.0;0.0;36.0;0.0;0
1001020615;1;0.0;0.0;0.0;0.0;0.0;;1
1001020616;7;0.0;0.0;0.0;0.0;0.0;;1
1001020617;7;0.0;0.0;0.0;0.0;0.0;;1
1001020617;1;0.004;0.0;0.0;0.0;0.0;;1
1001020618;1;0.0;0.0;0.0;0.0;0.0;;1
1001020618;7;0.0;0.0;0.0;0.0;0.0;;1
1001020619;7;0.0;0.0;0.0;0.0;0.0;;1
1001020619;1;0.0;0.0;0.0;0.0;0.0;;1
1001020620;1;0.0;0.0;0.0;0.0;0.0;;1
1001020620;7;0.0;0.0;0.0;0.0;0.0;;1
1001020621;7;0.0;0.0;0.0;0.0;0.0;;1
1001020622;7;0.0;0.0;0.0;0.0;0.0;;1
1001020623;7;0.0;0.0;0.0;0.0;0.0;;1
1001020623;1;0.0;0.0;0.0;0.0;0.0;;1
1001020624;1;0.0;0.0;0.0;0.0;0.0;;1
1001020624;7;0.0;0.0;0.0;0.0;0.0;;1
1001020625;7;0.0;0.0;0.0;0.0;0.0;;1
1001020625;1;0.0;0.0;0.0;0.0;0.0;;1
1001020628;7;0.0;0.0;0.0;0.0;0.0;;1
1001020628;1;-0.001;0.0;0.0;0.0;0.0;;1
1001020629;1;3015.464;2616.0;0.0;0.0;2616.0;0.0;0
1001020629;7;0.0;0.0;0.0;0.0;0.0;;1
1001020630;1;0.0;0.0;0.0;0.0;0.0;;1
1002010102;4;-0.001;0.0;0.0;0.0;0.0;;1
1002010102;1;0.0;0.0;0.0;0.0;0.0;;1
1002010102;2;0.0;0.0;0.0;0.0;0.0;;1
1002010104;4;0.0;0.0;0.0;0.0;0.0;;1
1002010104;1;0.0;0.0;0.0;0.0;0.0;;1
1002010105;1;-0.01;0.0;0.0;0.0;0.0;;1
1002010105;4;-0.013;0.0;0.0;0.0;0.0;;1
1002010108;4;278.517;87.0;0.0;0.0;87.0;0.0;0
1002010108;2;0.003;0.001;0.0;0.0;0.001;0.0;0
1002010108;7;0.0;0.0;0.0;0.0;0.0;;1
1002010108;1;0.0;0.0;0.0;0.0;0.0;;1
1002010108;6;1920.66;600.0;0.0;0.0;600.0;0.0;0
1002010109;6;0.0;0.0;0.0;0.0;0.0;;1
1002010109;1;0.0;0.0;0.0;0.0;0.0;;1
1002010109;4;0.0;0.0;0.0;0.0;0.0;;1
1002010110;4;20367.368;6568.0;0.0;0.0;6568.0;0.0;0
1002010110;1;0.0;0.0;0.0;0.0;0.0;;1
1002010110;6;0.0;0.0;0.0;0.0;0.0;;1
1002010110;7;0.0;0.0;0.0;0.0;0.0;;1
1002010110;5;0.0;0.0;0.0;0.0;0.0;;1
1002010111;1;0.0;0.0;0.0;0.0;0.0;;1
1002010111;4;961.846;315.0;0.0;0.0;315.0;0.0;0
1002010111;6;0.0;0.0;0.0;0.0;0.0;;1
1002010111;7;0.0;0.0;0.0;0.0;0.0;;1
1002010116;4;0.0;0.0;0.0;0.0;0.0;;1
1002010116;2;1097.95;350.0;0.0;0.0;350.0;0.0;0
1002010117;1;0.0;0.0;0.0;0.0;0.0;;1
1002010117;4;-0.287;0.0;0.0;0.0;0.0;;1
1002010117;7;0.0;0.0;0.0;0.0;0.0;;1
1002010118;4;-0.003;0.0;0.0;0.0;0.0;;1
1002010119;4;219.701;83.0;0.0;0.0;83.0;0.0;0
1002010119;1;0.0;0.0;0.0;0.0;0.0;;1
1002010119;7;0.0;0.0;0.0;0.0;0.0;;1
1002010201;1;0.0;0.0;0.0;0.0;0.0;;1
1002010202;1;0.0;0.0;0.0;0.0;0.0;;1
1002010202;4;0.0;0.0;0.0;0.0;0.0;;1
1002010203;7;0.0;0.0;0.0;0.0;0.0;;1
1002010203;4;0.0;0.0;0.0;0.0;0.0;;1
1002010203;6;0.0;0.0;0.0;0.0;0.0;;1
1002010204;1;0.0;0.0;0.0;0.0;0.0;;1
1002010204;4;14.642;0.0;0.0;0.0;0.0;;1
1002010207;4;0.101;0.0;0.0;0.0;0.0;;1
1002010207;1;0.003;0.0;0.0;0.0;0.0;;1
1002010208;1;0.0;0.0;0.0;0.0;0.0;;1
1002010208;4;-0.001;0.0;0.0;0.0;0.0;;1
1002010208;5;0.003;0.006;0.0;0.0;0.006;0.0;0
1002010209;4;0.0;0.0;0.0;0.0;0.0;;1
1002010209;6;0.0;0.0;0.0;0.0;0.0;;1
1002010209;7;0.0;0.0;0.0;0.0;0.0;;1
1002010209;1;0.0;0.0;0.0;0.0;0.0;;1
1002010210;4;-0.029;0.0;0.0;0.0;0.0;;1
1002010210;1;0.0;0.0;0.0;0.0;0.0;;1
1002010211;1;-0.048;0.0;0.0;0.0;0.0;;1
1002010211;4;0.663;0.0;0.0;0.0;0.0;;1
1002010212;1;0.0;0.0;0.0;0.0;0.0;;1
1002010212;4;0.0;0.0;0.0;0.0;0.0;;1
1002010213;4;0.423;0.0;0.0;0.0;0.0;;1
1002010213;1;1.108;0.0;0.0;0.0;0.0;;1
1002010216;4;-3.744;0.0;0.0;0.0;0.0;;1
1002010216;2;0.0;0.0;0.0;0.0;0.0;;1
1002010216;1;0.009;0.0;0.0;0.0;0.0;;1
1002010217;1;0.005;0.0;0.0;0.0;0.0;;1
1002010217;4;0.0;0.0;0.0;0.0;0.0;;1
1002010219;4;-34.049;0.0;0.0;0.0;0.0;;1
1002010219;1;0.0;0.0;0.0;0.0;0.0;;1
1002010219;2;0.0;0.0;0.0;0.0;0.0;;1
1002010220;4;0.002;0.0;0.0;0.0;0.0;;1
1002010220;1;0.0;0.0;0.0;0.0;0.0;;1
1002010222;4;0.0;0.0;0.0;0.0;0.0;;1
1002010223;1;0.0;0.0;0.0;0.0;0.0;;1
1002010223;4;0.637;0.0;0.0;0.0;0.0;;1
1002010224;1;0.0;0.0;0.0;0.0;0.0;;1
1002010224;4;0.0;0.0;0.0;0.0;0.0;;1
1002010224;6;0.0;0.0;0.0;0.0;0.0;;1
1002010225;4;0.0;0.0;0.0;0.0;0.0;;1
1002010225;6;0.0;0.0;0.0;0.0;0.0;;1
1002010225;1;0.0;0.0;0.0;0.0;0.0;;1
1002010225;7;0.0;0.0;0.0;0.0;0.0;;1
1002010226;7;0.0;0.0;0.0;0.0;0.0;;1
1002010226;6;0.0;0.0;0.0;0.0;0.0;;1
1002010226;1;0.0;0.0;0.0;0.0;0.0;;1
1002010226;4;182102.494;57595.0;0.0;0.0;57595.0;0.0;0
1002010227;4;55798.218;21084.0;0.0;0.0;21084.0;0.0;0
1002010227;6;0.0;0.0;0.0;0.0;0.0;;1
1002010227;1;0.0;0.0;0.0;0.0;0.0;;1
1002010227;7;0.001;0.0;0.0;0.0;0.0;;1
1002010228;7;0.016;0.0;0.0;0.0;0.0;;1
1002010228;1;0.0;0.0;0.0;0.0;0.0;;1
1002010228;6;0.0;0.0;0.0;0.0;0.0;;1
1002010228;5;0.0;0.0;0.0;0.0;0.0;;1
1002010228;4;5741.14;1775.666;0.0;0.0;1775.666;0.0;0
1002010229;4;5049.929;1743.666;0.0;0.0;1743.666;0.0;0
1002010229;6;0.0;0.0;0.0;0.0;0.0;;1
1002010229;1;0.0;0.0;0.0;0.0;0.0;;1
1002010229;7;0.0;0.0;0.0;0.0;0.0;;1
1002010229;2;78.192;27.0;0.0;0.0;27.0;0.0;0
1002010229;5;0.0;0.0;0.0;0.0;0.0;;1
1002010230;7;0.017;0.0;0.0;0.0;0.0;;1
1002010230;1;0.0;0.0;0.0;0.0;0.0;;1
1002010230;6;0.0;0.0;0.0;0.0;0.0;;1
1002010230;4;55464.188;19151.998;0.0;0.0;19151.998;0.0;0
1002010231;1;0.0;0.0;0.0;0.0;0.0;;1
1002010231;4;14456.535;5544.0;0.0;0.0;5544.0;0.0;0
1002010231;6;0.0;0.0;0.0;0.0;0.0;;1
1002010231;7;756.0;252.0;0.0;0.0;252.0;0.0;0
1002010232;7;0.0;0.0;0.0;0.0;0.0;;1
1002010232;4;0.0;0.0;0.0;0.0;0.0;;1
1002010232;6;0.0;0.0;0.0;0.0;0.0;;1
1002010233;4;0.0;0.0;0.0;0.0;0.0;;1
1002010233;6;0.0;0.0;0.0;0.0;0.0;;1
1002010233;7;0.0;0.0;0.0;0.0;0.0;;1
1002010234;7;0.0;0.0;0.0;0.0;0.0;;1
1002010234;4;0.0;0.0;0.0;0.0;0.0;;1
1002010234;6;0.0;0.0;0.0;0.0;0.0;;1
1002010235;6;0.0;0.0;0.0;0.0;0.0;;1
1002010235;1;0.0;0.0;0.0;0.0;0.0;;1
1002010235;7;0.0;0.0;0.0;0.0;0.0;;1
1002010235;4;0.0;0.0;0.0;0.0;0.0;;1
1002010236;4;0.0;0.0;0.0;0.0;0.0;;1
1002010236;6;0.0;0.0;0.0;0.0;0.0;;1
1002010237;6;0.0;0.0;0.0;0.0;0.0;;1
1002010237;4;6202.221;2352.0;0.0;0.0;2352.0;0.0;0
1002010237;7;0.0;0.0;0.0;0.0;0.0;;1
1002010237;1;0.0;0.0;0.0;0.0;0.0;;1
1002010238;1;0.0;0.0;0.0;0.0;0.0;;1
1002010238;7;0.0;0.0;0.0;0.0;0.0;;1
1002010238;6;0.0;0.0;0.0;0.0;0.0;;1
1002010238;2;8.972;3.333;0.0;0.0;3.333;0.0;0
1002010238;4;0.001;0.0;0.0;0.0;0.0;;1
1002010239;4;0.0;0.0;0.0;0.0;0.0;;1
1002010239;6;0.0;0.0;0.0;0.0;0.0;;1
1002010239;7;0.0;0.0;0.0;0.0;0.0;;1
1002010239;1;0.0;0.0;0.0;0.0;0.0;;1
1002010240;4;0.0;0.0;0.0;0.0;0.0;;1
1002010244;1;0.0;0.0;0.0;0.0;0.0;;1
1002010244;7;0.0;0.0;0.0;0.0;0.0;;1
1002010244;4;-0.001;0.0;0.0;0.0;0.0;;1
1002010245;4;13716.196;5271.0;0.0;0.0;5271.0;0.0;0
1002010245;1;0.0;0.0;0.0;0.0;0.0;;1
1002010245;7;0.0;0.0;0.0;0.0;0.0;;1
1002010301;7;0.0;0.0;0.0;0.0;0.0;;1
1002010301;4;0.0;0.0;0.0;0.0;0.0;;1
1002010301;6;0.0;0.0;0.0;0.0;0.0;;1
1002010301;1;0.0;0.0;0.0;0.0;0.0;;1
1002010303;4;0.0;0.0;0.0;0.0;0.0;;1
1002010303;6;0.0;0.0;0.0;0.0;0.0;;1
1002010303;7;0.0;0.0;0.0;0.0;0.0;;1
1002010304;4;0.515;0.0;0.0;0.0;0.0;;1
1002010304;1;0.0;0.0;0.0;0.0;0.0;;1
1002010306;7;0.0;0.0;0.0;0.0;0.0;;1
1002010306;4;0.0;0.0;0.0;0.0;0.0;;1
1002010306;6;0.0;0.0;0.0;0.0;0.0;;1
1002010307;4;0.007;0.0;0.0;0.0;0.0;;1
1002010307;1;0.011;0.0;0.0;0.0;0.0;;1
1002010308;4;0.0;0.0;0.0;0.0;0.0;;1
1002010308;1;0.0;0.0;0.0;0.0;0.0;;1
1002010309;4;0.0;0.0;0.0;0.0;0.0;;1
1002010309;1;0.0;0.0;0.0;0.0;0.0;;1
1002010310;1;0.003;0.0;0.0;0.0;0.0;;1
1002010310;4;-3.239;0.0;0.0;0.0;0.0;;1
1002010311;4;4.152;0.0;0.0;0.0;0.0;;1
1002010311;1;11.826;0.0;0.0;0.0;0.0;;1
1002010313;4;0.0;0.0;0.0;0.0;0.0;;1
1002010313;1;0.0;0.0;0.0;0.0;0.0;;1
1002010314;1;-0.005;0.0;0.0;0.0;0.0;;1
1002010314;4;-0.001;0.0;0.0;0.0;0.0;;1
1002010317;1;0.0;0.0;0.0;0.0;0.0;;1
1002010317;4;0.0;0.0;0.0;0.0;0.0;;1
1002010318;4;0.0;0.0;0.0;0.0;0.0;;1
1002010318;6;0.0;0.0;0.0;0.0;0.0;;1
1002010318;1;0.0;0.0;0.0;0.0;0.0;;1
1002010318;7;0.0;0.0;0.0;0.0;0.0;;1
1002010319;7;0.0;0.0;0.0;0.0;0.0;;1
1002010319;4;11955.6;2916.0;0.0;0.0;2916.0;0.0;0
1002010319;6;0.0;0.0;0.0;0.0;0.0;;1
1002010320;4;0.0;0.0;0.0;0.0;0.0;;1
1002010320;6;0.0;0.0;0.0;0.0;0.0;;1
1002010320;7;0.0;0.0;0.0;0.0;0.0;;1
1002010321;7;0.0;0.0;0.0;0.0;0.0;;1
1002010321;6;-0.001;0.0;0.0;0.0;0.0;;1
1002010321;1;0.0;0.0;0.0;0.0;0.0;;1
1002010321;4;16.316;3.833;0.0;0.0;3.833;0.0;0
1002010322;1;0.0;0.0;0.0;0.0;0.0;;1
1002010322;4;159223.891;41090.0;0.0;10395.0;30695.0;0.338654503990878;0
1002010322;6;0.0;0.0;0.0;0.0;0.0;;1
1002010322;7;0.0;0.0;0.0;0.0;0.0;;1
1002010323;7;0.0;0.0;0.0;0.0;0.0;;1
1002010323;6;0.0;0.0;0.0;0.0;0.0;;1
1002010323;4;42027.472;10584.0;0.0;0.0;10584.0;0.0;0
1002010323;1;0.0;0.0;0.0;0.0;0.0;;1
1002010323;2;3430.944;864.0;0.0;0.0;864.0;0.0;0
1002010324;4;33.168;8.0;0.0;0.0;8.0;0.0;0
1002010324;1;0.0;0.0;0.0;0.0;0.0;;1
1002010324;6;0.0;0.0;0.0;0.0;0.0;;1
1002010324;7;0.0;0.0;0.0;0.0;0.0;;1
1002010325;7;0.0;0.0;0.0;0.0;0.0;;1
1002010325;6;0.0;0.0;0.0;0.0;0.0;;1
1002010325;4;32518.519;8189.0;0.0;0.0;8189.0;0.0;0
1002010325;1;0.0;0.0;0.0;0.0;0.0;;1
1002010325;2;0.004;0.001;0.0;0.0;0.001;0.0;0
1002010326;4;412.02;108.0;0.0;0.0;108.0;0.0;0
1002010326;1;0.0;0.0;0.0;0.0;0.0;;1
1002010326;6;0.001;0.0;0.0;0.0;0.0;;1
1002010326;7;0.0;0.0;0.0;0.0;0.0;;1
1002010327;7;0.0;0.0;0.0;0.0;0.0;;1
1002010327;4;0.0;0.0;0.0;0.0;0.0;;1
1002010327;6;0.0;0.0;0.0;0.0;0.0;;1
1002010328;4;0.0;0.0;0.0;0.0;0.0;;1
1002010328;6;0.0;0.0;0.0;0.0;0.0;;1
1002010328;7;0.0;0.0;0.0;0.0;0.0;;1
1002010328;1;0.0;0.0;0.0;0.0;0.0;;1
1002010329;1;0.0;0.0;0.0;0.0;0.0;;1
1002010329;7;0.0;0.0;0.0;0.0;0.0;;1
1002010329;6;0.0;0.0;0.0;0.0;0.0;;1
1002010329;2;413.837;105.0;0.0;0.0;105.0;0.0;0
1002010329;4;2010.059;510.0;0.0;0.0;510.0;0.0;0
1002010332;7;0.0;0.0;0.0;0.0;0.0;;1
1002010332;4;0.0;0.0;0.0;0.0;0.0;;1
1002010332;1;0.0;0.0;0.0;0.0;0.0;;1
1002010335;4;16070.891;4058.0;0.0;0.0;4058.0;0.0;0
1002010335;7;0.0;0.0;0.0;0.0;0.0;;1
1002010335;5;0.0;0.0;0.0;0.0;0.0;;1
1002010335;1;0.0;0.0;0.0;0.0;0.0;;1
1002010336;1;0.0;0.0;0.0;0.0;0.0;;1
1002010337;4;0.0;0.0;0.0;0.0;0.0;;1
1002010402;4;0.0;0.0;0.0;0.0;0.0;;1
1002010402;3;-0.002;0.0;0.0;0.0;0.0;;1
1002010402;1;0.128;0.0;0.0;0.0;0.0;;1
1002010403;4;0.0;0.0;0.0;0.0;0.0;;1
1002010403;1;0.0;0.0;0.0;0.0;0.0;;1
1002010406;4;0.037;0.0;0.0;0.0;0.0;;1
1002010406;1;0.0;0.0;0.0;0.0;0.0;;1
1002010406;6;0.0;0.0;0.0;0.0;0.0;;1
1002010407;4;0.022;0.0;0.0;0.0;0.0;;1
1002010407;1;0.0;0.0;0.0;0.0;0.0;;1
1002010407;2;0.0;0.0;0.0;0.0;0.0;;1
1002010408;2;0.0;0.0;0.0;0.0;0.0;;1
1002010408;1;0.001;0.0;0.0;0.0;0.0;;1
1002010408;4;0.0;0.0;0.0;0.0;0.0;;1
1002010409;2;0.0;0.0;0.0;0.0;0.0;;1
1002010409;1;0.0;0.0;0.0;0.0;0.0;;1
1002010409;4;1.975;0.0;0.0;0.0;0.0;;1
1002010411;1;0.0;0.0;0.0;0.0;0.0;;1
1002010411;4;0.0;0.0;0.0;0.0;0.0;;1
1002010413;1;0.0;0.0;0.0;0.0;0.0;;1
1002010413;6;0.0;0.0;0.0;0.0;0.0;;1
1002010413;7;0.0;0.0;0.0;0.0;0.0;;1
1002010414;4;0.009;0.0;0.0;0.0;0.0;;1
1002010414;1;0.0;0.0;0.0;0.0;0.0;;1
1002010415;4;0.0;0.0;0.0;0.0;0.0;;1
1002010415;1;0.0;0.0;0.0;0.0;0.0;;1
1002010416;4;81501.88;22190.666;0.0;0.0;22190.666;0.0;0
1002010416;7;7756.956;2112.0;0.0;0.0;2112.0;0.0;0
1002010416;6;222.26;64.0;0.0;0.0;64.0;0.0;0
1002010416;1;0.0;0.0;0.0;0.0;0.0;;1
1002010417;4;0.0;0.0;0.0;0.0;0.0;;1
1002010417;6;0.0;0.0;0.0;0.0;0.0;;1
1002010417;7;0.0;0.0;0.0;0.0;0.0;;1
1002010418;7;0.0;0.0;0.0;0.0;0.0;;1
1002010418;6;0.0;0.0;0.0;0.0;0.0;;1
1002010418;4;78263.958;18864.0;0.0;0.0;18864.0;0.0;0
1002010418;1;0.0;0.0;0.0;0.0;0.0;;1
1002010418;5;0.0;0.0;0.0;0.0;0.0;;1
1002010419;1;0.0;0.0;0.0;0.0;0.0;;1
1002010419;4;0.0;0.0;0.0;0.0;0.0;;1
1002010419;6;0.0;0.0;0.0;0.0;0.0;;1
1002010419;7;0.0;0.0;0.0;0.0;0.0;;1
1002010420;7;0.0;0.0;0.0;0.0;0.0;;1
1002010420;4;0.0;0.0;0.0;0.0;0.0;;1
1002010420;6;0.0;0.0;0.0;0.0;0.0;;1
1002010421;6;-0.001;0.0;0.0;0.0;0.0;;1
1002010421;1;0.0;0.0;0.0;0.0;0.0;;1
1002010421;4;14779.988;4558.0;0.0;0.0;4558.0;0.0;0
1002010421;7;-0.045;0.0;0.0;0.0;0.0;;1
1002010422;7;0.0;0.0;0.0;0.0;0.0;;1
1002010422;4;12474.879;3200.0;0.0;0.0;3200.0;0.0;0
1002010422;1;0.0;0.0;0.0;0.0;0.0;;1
1002010422;6;0.0;0.0;0.0;0.0;0.0;;1
1002010423;4;0.0;0.0;0.0;0.0;0.0;;1
1002010423;6;0.0;0.0;0.0;0.0;0.0;;1
1002010423;7;0.0;0.0;0.0;0.0;0.0;;1
1002010424;7;-0.026;0.0;0.0;0.0;0.0;;1
1002010424;6;0.0;0.0;0.0;0.0;0.0;;1
1002010424;1;0.0;0.0;0.0;0.0;0.0;;1
1002010424;4;7.363;2.0;0.0;0.0;2.0;0.0;0
1002010424;2;117.664;32.0;0.0;0.0;32.0;0.0;0
1002010424;5;0.0;0.0;0.0;0.0;0.0;;1
1002010425;6;0.0;0.0;0.0;0.0;0.0;;1
1002010425;7;0.0;0.0;0.0;0.0;0.0;;1
1002010425;4;0.0;0.0;0.0;0.0;0.0;;1
1002010426;7;0.02;0.0;0.0;0.0;0.0;;1
1002010426;4;6167.059;1920.0;0.0;0.0;1920.0;0.0;0
1002010427;7;0.0;0.0;0.0;0.0;0.0;;1
1002010427;4;0.0;0.0;0.0;0.0;0.0;;1
1002010427;6;0.0;0.0;0.0;0.0;0.0;;1
1002010427;1;0.0;0.0;0.0;0.0;0.0;;1
1002010428;4;0.0;0.0;0.0;0.0;0.0;;1
1002010429;1;0.0;0.0;0.0;0.0;0.0;;1
1002010429;7;0.0;0.0;0.0;0.0;0.0;;1
1002010429;4;0.0;0.0;0.0;0.0;0.0;;1
1002010501;1;0.0;0.0;0.0;0.0;0.0;;1
1002010501;4;0.0;9.0;0.0;0.0;9.0;0.0;0
1002010501;6;0.0;0.0;0.0;0.0;0.0;;1
1101010301;1;0.0;0.0;0.0;0.0;0.0;;1
1101010302;1;0.0;0.0;0.0;0.0;0.0;;1
1101020201;4;0.0;0.0;0.0;0.0;0.0;;1
1101020201;1;26311.752;3445.0;0.0;612.0;2833.0;0.21602541475467701;0
1101020202;1;0.029;0.0;0.0;0.0;0.0;;1
1101020203;1;16088.547;3937.0;0.0;-300.0;4237.0;;0
1101020203;4;0.0;0.0;0.0;0.0;0.0;;1
1101020204;1;1074.432;120.0;0.0;0.0;120.0;0.0;0
1101020205;1;0.0;0.0;0.0;0.0;0.0;;1
1101020206;1;20929.821;2748.0;0.0;312.0;2436.0;0.12807881773399016;0
1101020206;4;0.0;0.0;0.0;0.0;0.0;;1
1101020207;4;0.0;0.0;0.0;0.0;0.0;;1
1101020207;1;11695.71;2862.0;0.0;-300.0;3162.0;;0
1101020208;1;0.0;0.0;0.0;0.0;0.0;;1
1101020209;1;1701.184;190.0;0.0;0.0;190.0;0.0;0
1101020212;1;0.0;0.0;0.0;0.0;0.0;;1
1101020213;1;0.002;0.0;0.0;0.0;0.0;;1
1101020215;1;371.103;30.0;0.0;0.0;30.0;0.0;0
1101020216;1;0.0;0.0;0.0;0.0;0.0;;1
1101020217;1;0.0;0.0;0.0;0.0;0.0;;1
1101020218;1;371.103;30.0;0.0;0.0;30.0;0.0;0
1101020220;1;-0.006;0.0;0.0;0.0;0.0;;1
1101020220;2;0.0;0.0;0.0;0.0;0.0;;1
1101020222;1;0.0;0.0;0.0;0.0;0.0;;1
1101020223;1;0.0;0.0;0.0;0.0;0.0;;1
1101020224;1;0.0;0.0;0.0;0.0;0.0;;1
1101020225;1;2157.695;264.0;0.0;0.0;264.0;0.0;0
1101020226;1;2484.618;304.0;0.0;0.0;304.0;0.0;0
1101020227;1;0.005;0.0;0.0;0.0;0.0;;1
1101020228;1;2964.096;384.0;0.0;0.0;384.0;0.0;0
1101020229;1;537.216;120.0;0.0;0.0;120.0;0.0;0
1101030101;1;0.0;0.0;0.0;0.0;0.0;;1
1101030104;1;61585.087;14196.0;0.0;0.0;14196.0;0.0;0
1101030104;2;0.0;0.0;0.0;0.0;0.0;;1
1101030105;1;0.0;0.0;0.0;0.0;0.0;;1
1101030107;1;0.0;0.0;0.0;0.0;0.0;;1
1101030108;1;0.0;0.0;0.0;0.0;0.0;;1
1101030109;1;6332.575;1643.992;0.0;0.0;1643.992;0.0;0
1101030203;1;0.0;0.0;0.0;0.0;0.0;;1
1101030204;2;0.0;0.0;0.0;0.0;0.0;;1
1101030204;1;0.0;0.0;0.0;0.0;0.0;;1
1101030206;1;0.0;0.0;0.0;0.0;0.0;;1
1101030303;1;27096.854;6649.0;0.0;-360.0;7009.0;;0
1101030303;2;-0.001;0.0;0.0;0.0;0.0;;1
1101030403;1;21007.509;4255.0;0.0;0.0;4255.0;0.0;0
1101030403;2;0.0;0.0;0.0;0.0;0.0;;1
1101030802;1;0.0;0.0;0.0;0.0;0.0;;1
1101030803;1;0.0;0.0;0.0;0.0;0.0;;1
1101050101;1;0.0;0.0;0.0;0.0;0.0;;1
1101050102;1;0.0;0.0;0.0;0.0;0.0;;1
1101050103;1;0.0;0.0;0.0;0.0;0.0;;1
1101050201;1;0.0;0.0;0.0;0.0;0.0;;1
1101050202;1;0.0;0.0;0.0;0.0;0.0;;1
1101050210;1;0.0;0.0;0.0;0.0;0.0;;1
1101050211;1;0.0;0.0;0.0;0.0;0.0;;1
1101060203;1;0.0;0.0;0.0;0.0;0.0;;1
1101060204;1;0.0;0.0;0.0;0.0;0.0;;1
1101060206;1;0.0;0.0;0.0;0.0;0.0;;1
1101060215;1;11892.5;355.0;0.0;0.0;355.0;0.0;0
1101060216;1;13232.5;395.0;0.0;0.0;395.0;0.0;0
1101060217;1;7312.5;375.0;0.0;0.0;375.0;0.0;0
1101060218;1;3607.5;185.0;0.0;0.0;185.0;0.0;0
1101060301;1;7334.736;480.0;0.0;0.0;480.0;0.0;0
1101060301;2;0.0;0.0;0.0;0.0;0.0;;1
1101060302;2;0.0;0.0;0.0;0.0;0.0;;1
1101060302;1;9589.943;1152.0;0.0;0.0;1152.0;0.0;0
1101060303;1;20993.148;779.0;0.0;0.0;779.0;0.0;0
1101060303;2;0.0;0.0;0.0;0.0;0.0;;1
1101060304;1;0.0;0.0;0.0;0.0;0.0;;1
1101060305;1;0.0;0.0;0.0;0.0;0.0;;1
1101060306;1;0.0;0.0;0.0;0.0;0.0;;1
1101060307;1;0.0;0.0;0.0;0.0;0.0;;1
1101060308;1;376456.073;11742.0;0.0;-100.0;11842.0;;0
1101060309;1;0.0;0.0;0.0;0.0;0.0;;1
1101060311;1;-0.001;0.0;0.0;0.0;0.0;;1
1101060312;1;0.0;0.0;0.0;0.0;0.0;;1
1101060312;2;0.0;0.0;0.0;0.0;0.0;;1
1101060313;1;-0.006;0.0;0.0;0.0;0.0;;1
1101060316;1;0.0;0.0;0.0;0.0;0.0;;1
1101060317;1;0.0;0.0;0.0;0.0;0.0;;1
1101060320;1;0.0;0.0;0.0;0.0;0.0;;1
1101060321;1;1234.832;40.0;0.0;0.0;40.0;0.0;0
1101060321;4;0.0;0.0;0.0;0.0;0.0;;1
1101060322;1;0.0;0.0;0.0;0.0;0.0;;1
1101060324;1;0.0;0.0;0.0;0.0;0.0;;1
1101060325;1;53.762;2.0;0.0;0.0;2.0;0.0;0
1101060326;1;0.0;0.0;0.0;0.0;0.0;;1
1101060327;1;0.0;0.0;0.0;0.0;0.0;;1
1101060330;1;-0.002;0.0;0.0;0.0;0.0;;1
1101060331;1;0.0;0.0;0.0;0.0;0.0;;1
1101060332;1;0.0;0.0;0.0;0.0;0.0;;1
1101060333;1;0.0;0.0;0.0;0.0;0.0;;1
1101060334;1;0.0;0.0;0.0;0.0;0.0;;1
1101060339;1;0.0;0.0;0.0;0.0;0.0;;1
1101060340;1;0.0;0.0;0.0;0.0;0.0;;1
1101060341;1;-0.001;0.0;0.0;0.0;0.0;;1
1101060342;1;0.0;0.0;0.0;0.0;0.0;;1
1101060344;1;0.0;0.0;0.0;0.0;0.0;;1
1101060345;1;0.0;0.0;0.0;0.0;0.0;;1
1101060346;1;0.0;0.0;0.0;0.0;0.0;;1
1101060349;1;0.0;0.0;0.0;0.0;0.0;;1
1101060350;1;0.0;0.0;0.0;0.0;0.0;;1
1101060355;1;0.0;0.0;0.0;0.0;0.0;;1
1101060356;1;0.0;0.0;0.0;0.0;0.0;;1
1101060358;1;18292.104;720.0;0.0;50.0;670.0;0.07462686567164178;0
1101060401;4;0.0;0.0;0.0;0.0;0.0;;1
1101060401;1;12786.525;1500.0;0.0;480.0;1020.0;0.47058823529411764;0
1101060402;1;160.862;10.0;0.0;0.0;10.0;0.0;0
1101060402;4;0.0;0.0;0.0;0.0;0.0;;1
1101090101;1;0.0;0.0;0.0;0.0;0.0;;1
1101090102;1;0.0;0.0;0.0;0.0;0.0;;1
1101090103;1;0.0;0.0;0.0;0.0;0.0;;1
1101090104;1;0.0;0.0;0.0;0.0;0.0;;1
1101090105;1;0.0;0.0;0.0;0.0;0.0;;1
1101090110;1;0.0;0.0;0.0;0.0;0.0;;1
1101090113;1;0.0;0.0;0.0;0.0;0.0;;1
1101090301;1;0.0;6775.0;0.0;0.0;6775.0;0.0;0
1102010101;1;0.0;0.0;0.0;0.0;0.0;;1
1102010102;1;-0.006;0.0;0.0;0.0;0.0;;1
1102010103;1;0.001;0.0;0.0;0.0;0.0;;1
1102010104;1;0.0;0.0;0.0;0.0;0.0;;1
1102010105;1;0.0;0.0;0.0;0.0;0.0;;1
1102010106;1;-0.001;0.0;0.0;0.0;0.0;;1
1102010107;1;0.0;0.0;0.0;0.0;0.0;;1
1102010108;1;0.0;0.0;0.0;0.0;0.0;;1
1102010109;1;0.0;0.0;0.0;0.0;0.0;;1
1102010110;1;0.0;0.0;0.0;0.0;0.0;;1
1102010111;1;0.0;0.0;0.0;0.0;0.0;;1
1102010114;1;0.0;0.0;0.0;0.0;0.0;;1
1102010116;1;0.0;0.0;0.0;0.0;0.0;;1
1102010130;1;0.0;0.0;0.0;0.0;0.0;;1
1102010131;1;0.0;0.0;0.0;0.0;0.0;;1
1102010132;1;0.0;0.0;0.0;0.0;0.0;;1
1102010201;1;0.0;0.0;0.0;0.0;0.0;;1
1102010202;1;-0.001;0.0;0.0;0.0;0.0;;1
1102010203;1;-0.006;0.0;0.0;0.0;0.0;;1
1102010204;1;0.0;0.0;0.0;0.0;0.0;;1
11020102041;1;0.0;0.0;0.0;0.0;0.0;;1
1102010205;1;0.0;0.0;0.0;0.0;0.0;;1
1102010206;1;0.0;0.0;0.0;0.0;0.0;;1
1102010207;1;-0.001;0.0;0.0;0.0;0.0;;1
1102010208;1;0.0;0.0;0.0;0.0;0.0;;1
1102010209;1;0.0;0.0;0.0;0.0;0.0;;1
1102010210;1;0.0;0.0;0.0;0.0;0.0;;1
1102010211;1;0.0;0.0;0.0;0.0;0.0;;1
1102010212;1;-0.006;0.0;0.0;0.0;0.0;;1
1102010213;1;0.0;0.0;0.0;0.0;0.0;;1
1102010214;1;0.0;0.0;0.0;0.0;0.0;;1
1102010215;1;-0.001;0.0;0.0;0.0;0.0;;1
1102010215;4;0.0;0.0;0.0;0.0;0.0;;1
1102010216;1;0.0;0.0;0.0;0.0;0.0;;1
1102010217;1;0.002;0.0;0.0;0.0;0.0;;1
1102010219;1;0.0;0.0;0.0;0.0;0.0;;1
1102010220;1;0.0;0.0;0.0;0.0;0.0;;1
1102010221;1;-0.001;0.0;0.0;0.0;0.0;;1
1102010222;1;-0.001;0.0;0.0;0.0;0.0;;1
1102010223;1;0.0;0.0;0.0;0.0;0.0;;1
1102010224;1;0.0;0.0;0.0;0.0;0.0;;1
1102010225;1;0.0;0.0;0.0;0.0;0.0;;1
1102010226;1;0.0;0.0;0.0;0.0;0.0;;1
1102010228;1;0.0;0.0;0.0;0.0;0.0;;1
1102010229;1;0.0;0.0;0.0;0.0;0.0;;1
1102010230;1;0.0;0.0;0.0;0.0;0.0;;1
1102010231;1;0.0;0.0;0.0;0.0;0.0;;1
1102010232;1;0.0;0.0;0.0;0.0;0.0;;1
1102010234;1;0.0;0.0;0.0;0.0;0.0;;1
1102010235;1;0.0;0.0;0.0;0.0;0.0;;1
1102010237;1;0.0;0.0;0.0;0.0;0.0;;1
1102010239;1;0.0;0.0;0.0;0.0;0.0;;1
1102010247;1;0.0;0.0;0.0;0.0;0.0;;1
1102010248;1;0.0;0.0;0.0;0.0;0.0;;1
1102010249;1;0.0;0.0;0.0;0.0;0.0;;1
1102010251;1;0.0;0.0;0.0;0.0;0.0;;1
1102010252;1;0.0;0.0;0.0;0.0;0.0;;1
1102010253;1;0.0;0.0;0.0;0.0;0.0;;1
1102010260;1;0.0;0.0;0.0;0.0;0.0;;1
1102010269;1;0.0;0.0;0.0;0.0;0.0;;1
1102010272;1;0.0;0.0;0.0;0.0;0.0;;1
1102010275;1;0.0;0.0;0.0;0.0;0.0;;1
1102010276;1;0.0;0.0;0.0;0.0;0.0;;1
1102010277;1;0.0;0.0;0.0;0.0;0.0;;1
1102010278;1;0.0;0.0;0.0;0.0;0.0;;1
1102010279;1;0.0;0.0;0.0;0.0;0.0;;1
1102010280;1;-0.001;0.0;0.0;0.0;0.0;;1
1102010284;1;0.0;0.0;0.0;0.0;0.0;;1
1102010302;1;0.0;0.0;0.0;0.0;0.0;;1
1102010303;1;0.0;0.0;0.0;0.0;0.0;;1
1102010304;1;0.0;0.0;0.0;0.0;0.0;;1
1102010318;1;0.0;0.0;0.0;0.0;0.0;;1
1102010319;1;0.0;0.0;0.0;0.0;0.0;;1
1102020101;1;0.0;0.0;0.0;0.0;0.0;;1
1102020103;1;-0.001;0.0;0.0;0.0;0.0;;1
1102020104;1;-0.001;0.0;0.0;0.0;0.0;;1
1102020105;1;0.002;0.0;0.0;0.0;0.0;;1
1102020106;1;21.352;20.0;0.0;0.0;20.0;0.0;0
1102020107;1;0.0;0.0;0.0;0.0;0.0;;1
1102020108;1;0.0;0.0;0.0;0.0;0.0;;1
1102020113;1;0.0;0.0;0.0;0.0;0.0;;1
1102020117;1;0.0;0.0;0.0;0.0;0.0;;1
1102020124;1;0.0;0.0;0.0;0.0;0.0;;1
1102020125;1;0.0;0.0;0.0;0.0;0.0;;1
1102020126;1;0.0;0.0;0.0;0.0;0.0;;1
1102020201;1;0.001;0.0;0.0;0.0;0.0;;1
1102020202;1;0.0;0.0;0.0;0.0;0.0;;1
1102020203;1;0.0;0.0;0.0;0.0;0.0;;1
1102020204;1;0.002;0.0;0.0;0.0;0.0;;1
1102020205;1;0.0;0.0;0.0;0.0;0.0;;1
1102020206;1;0.0;0.0;0.0;0.0;0.0;;1
1102020207;1;0.001;0.0;0.0;0.0;0.0;;1
1102020208;1;0.0;0.0;0.0;0.0;0.0;;1
1102020209;1;-0.003;0.0;0.0;0.0;0.0;;1
1102020210;1;0.0;0.0;0.0;0.0;0.0;;1
1102020211;1;186.801;140.0;0.0;0.0;140.0;0.0;0
1102020211;4;0.0;0.0;0.0;0.0;0.0;;1
1102020212;1;0.0;0.0;0.0;0.0;0.0;;1
1102020213;1;0.0;0.0;0.0;0.0;0.0;;1
1102020214;1;0.0;0.0;0.0;0.0;0.0;;1
1102020215;1;0.0;0.0;0.0;0.0;0.0;;1
1102020216;1;0.0;0.0;0.0;0.0;0.0;;1
1102020217;1;-0.004;0.0;0.0;0.0;0.0;;1
1102020218;1;-0.01;0.0;0.0;0.0;0.0;;1
1102020219;1;0.0;0.0;0.0;0.0;0.0;;1
1102020220;1;0.0;0.0;0.0;-200.0;200.0;;1
1102020220;2;0.0;0.0;0.0;0.0;0.0;;1
1102020221;1;0.0;0.0;0.0;0.0;0.0;;1
1102020224;1;0.0;0.0;0.0;0.0;0.0;;1
1102020225;1;0.0;0.0;0.0;0.0;0.0;;1
1102020227;1;0.0;0.0;0.0;0.0;0.0;;1
1102020231;1;0.0;0.0;0.0;0.0;0.0;;1
1102020233;1;0.0;0.0;0.0;0.0;0.0;;1
1102020234;1;0.0;0.0;0.0;0.0;0.0;;1
1102020235;1;0.0;0.0;0.0;0.0;0.0;;1
1102020255;1;0.0;0.0;0.0;0.0;0.0;;1
1102020306;1;0.0;0.0;0.0;0.0;0.0;;1
1102020307;1;0.0;0.0;0.0;0.0;0.0;;1
1102030101;1;0.0;0.0;0.0;0.0;0.0;;1
1102030103;1;0.0;0.0;0.0;0.0;0.0;;1
1102030104;2;0.0;0.0;0.0;0.0;0.0;;1
1102030104;1;-0.003;0.0;0.0;0.0;0.0;;1
1102030111;1;0.0;0.0;0.0;0.0;0.0;;1
1102030113;1;0.0;0.0;0.0;0.0;0.0;;1
1102030114;1;0.0;0.0;0.0;0.0;0.0;;1
1102030115;1;0.0;0.0;0.0;0.0;0.0;;1
1102030117;1;0.0;0.0;0.0;0.0;0.0;;1
1102030118;1;-0.001;0.0;0.0;0.0;0.0;;1
1102030119;1;-0.008;0.0;0.0;0.0;0.0;;1
1102030120;1;-0.01;0.0;0.0;0.0;0.0;;1
1102030121;1;-0.009;0.0;0.0;0.0;0.0;;1
1102030122;1;-0.004;0.0;0.0;0.0;0.0;;1
1102030123;1;-0.004;0.0;0.0;0.0;0.0;;1
1102030123;2;0.0;0.0;0.0;0.0;0.0;;1
1102030124;1;0.0;0.0;0.0;0.0;0.0;;1
1102030137;1;0.0;0.0;0.0;0.0;0.0;;1
1102030138;1;0.0;0.0;0.0;0.0;0.0;;1
1102030139;1;0.0;0.0;0.0;0.0;0.0;;1
1102030141;1;0.0;0.0;0.0;0.0;0.0;;1
1102030201;1;0.0;0.0;0.0;0.0;0.0;;1
1102030202;1;0.0;0.0;0.0;0.0;0.0;;1
1102030203;1;0.0;0.0;0.0;0.0;0.0;;1
1102030206;1;0.0;0.0;0.0;0.0;0.0;;1
1102030207;1;0.0;0.0;0.0;0.0;0.0;;1
1102030212;1;0.0;0.0;0.0;0.0;0.0;;1
1102030217;1;0.0;0.0;0.0;0.0;0.0;;1
1102030301;1;0.0;0.0;0.0;0.0;0.0;;1
1102030301;2;0.0;0.0;0.0;0.0;0.0;;1
1102030303;1;0.0;0.0;0.0;0.0;0.0;;1
1102030304;1;0.0;0.0;0.0;0.0;0.0;;1
1102030305;1;-0.002;0.0;0.0;0.0;0.0;;1
1102030307;1;0.002;0.0;0.0;0.0;0.0;;1
1102030308;1;0.0;0.0;0.0;0.0;0.0;;1
1102030308;2;0.0;0.0;0.0;0.0;0.0;;1
1102030309;1;0.001;0.0;0.0;0.0;0.0;;1
1102030310;1;0.007;0.0;0.0;0.0;0.0;;1
1102030310;2;0.0;0.0;0.0;0.0;0.0;;1
1102030311;1;0.002;0.0;0.0;0.0;0.0;;1
1102030313;1;-0.004;0.0;0.0;0.0;0.0;;1
1102030314;1;0.0;0.0;0.0;0.0;0.0;;1
1102030318;1;0.0;0.0;0.0;0.0;0.0;;1
1102030321;1;0.0;0.0;0.0;0.0;0.0;;1
1102030322;1;0.0;0.0;0.0;0.0;0.0;;1
1102030323;1;0.0;0.0;0.0;0.0;0.0;;1
1102030324;1;0.0;0.0;0.0;0.0;0.0;;1
1102030333;1;0.0;0.0;0.0;0.0;0.0;;1
1102030347;1;0.0;0.0;0.0;0.0;0.0;;1
1102030352;1;-0.002;0.0;0.0;0.0;0.0;;1
1102030353;1;0.0;0.0;0.0;0.0;0.0;;1
1102030354;1;0.0;0.0;0.0;0.0;0.0;;1
1102030356;1;0.0;0.0;0.0;0.0;0.0;;1
1102030357;1;0.0;0.0;0.0;0.0;0.0;;1
1102030401;1;0.0;0.0;0.0;0.0;0.0;;1
1102030402;1;0.0;0.0;0.0;0.0;0.0;;1
1102030501;1;0.0;0.0;0.0;0.0;0.0;;1
1102030503;1;0.0;0.0;0.0;0.0;0.0;;1
1102030505;1;0.0;0.0;0.0;0.0;0.0;;1
1102030506;1;0.008;0.0;0.0;0.0;0.0;;1
1102030508;1;0.0;0.0;0.0;0.0;0.0;;1
1102030513;1;0.0;0.0;0.0;0.0;0.0;;1
1102030515;1;0.0;0.0;0.0;0.0;0.0;;1
1102030519;1;0.0;0.0;0.0;0.0;0.0;;1
1102030520;1;0.0;0.0;0.0;0.0;0.0;;1
1102030520;2;0.0;0.0;0.0;0.0;0.0;;1
1102030521;2;0.0;0.0;0.0;0.0;0.0;;1
1102030521;1;0.0;0.0;0.0;0.0;0.0;;1
1102030522;1;0.0;0.0;0.0;0.0;0.0;;1
1102030522;2;0.0;0.0;0.0;0.0;0.0;;1
1102030601;1;0.0;0.0;0.0;0.0;0.0;;1
1102040132;1;0.0;0.0;0.0;0.0;0.0;;1
1102040132;2;0.0;0.0;0.0;0.0;0.0;;1
1102040133;2;0.0;0.0;0.0;0.0;0.0;;1
1102040133;1;0.0;0.0;0.0;0.0;0.0;;1
1102040134;1;0.0;0.0;0.0;0.0;0.0;;1
1102040134;2;0.0;0.0;0.0;0.0;0.0;;1
1102040135;1;0.0;0.0;0.0;0.0;0.0;;1
1102040136;1;0.0;0.0;0.0;0.0;0.0;;1
1102040137;1;0.0;0.0;0.0;0.0;0.0;;1
1102040138;1;0.001;0.0;0.0;0.0;0.0;;1
1102040138;2;0.0;0.0;0.0;0.0;0.0;;1
1103010301;1;0.0;0.0;0.0;0.0;0.0;;1
1103010401;1;-0.002;0.0;0.0;0.0;0.0;;1
1103010402;1;0.001;0.0;0.0;0.0;0.0;;1
1103010403;1;-0.003;0.0;0.0;0.0;0.0;;1
1103010404;1;0.011;0.0;0.0;0.0;0.0;;1
1103010405;1;0.0;0.0;0.0;0.0;0.0;;1
1103010410;1;0.003;0.0;0.0;0.0;0.0;;1
1103010411;1;-0.002;0.0;0.0;0.0;0.0;;1
1103010412;1;0.0;0.0;0.0;0.0;0.0;;1
1103010413;1;0.0;0.0;0.0;0.0;0.0;;1
1103010414;1;0.0;0.0;0.0;0.0;0.0;;1
1103010419;1;0.0;0.0;0.0;0.0;0.0;;1
1103010420;1;-0.011;0.0;0.0;0.0;0.0;;1
1103010517;1;0.0;0.0;0.0;0.0;0.0;;1
1103010517;2;0.0;0.0;0.0;0.0;0.0;;1
1103010601;1;0.0;0.0;0.0;0.0;0.0;;1
1103010602;1;0.008;0.0;0.0;0.0;0.0;;1
1103010603;1;0.0;0.0;0.0;0.0;0.0;;1
1103010606;1;0.0;0.0;0.0;0.0;0.0;;1
1103010607;1;0.0;0.0;0.0;0.0;0.0;;1
1103010613;1;0.0;0.0;0.0;0.0;0.0;;1
1103010618;1;0.0;0.0;0.0;0.0;0.0;;1
1103010620;1;0.0;0.0;0.0;0.0;0.0;;1
1103020101;1;-0.002;0.0;0.0;0.0;0.0;;1
1103020102;1;0.0;0.0;0.0;0.0;0.0;;1
1103020103;1;0.007;0.0;0.0;0.0;0.0;;1
1103020104;1;-0.001;0.0;0.0;0.0;0.0;;1
1103020105;1;0.0;0.0;0.0;0.0;0.0;;1
1103020106;1;-0.001;0.0;0.0;0.0;0.0;;1
1103020107;1;6910.812;108.0;0.0;0.0;108.0;0.0;0
1103020107;2;0.0;0.0;0.0;0.0;0.0;;1
1103020108;1;800.602;16.0;0.0;0.0;16.0;0.0;0
1103020109;1;0.0;0.0;0.0;0.0;0.0;;1
1103020110;1;0.0;0.0;0.0;0.0;0.0;;1
1103020111;1;0.0;0.0;0.0;0.0;0.0;;1
1103020112;1;0.0;0.0;0.0;0.0;0.0;;1
1103020113;1;0.0;0.0;0.0;0.0;0.0;;1
1103020114;1;0.0;0.0;0.0;0.0;0.0;;1
1103020133;1;4781.268;72.0;0.0;0.0;72.0;0.0;0
1103020134;1;4781.268;72.0;0.0;0.0;72.0;0.0;0
1103030105;1;0.0;0.0;0.0;0.0;0.0;;1
1103030110;1;0.0;0.0;0.0;0.0;0.0;;1
1103030126;1;0.0;0.0;0.0;0.0;0.0;;1
1103030201;1;0.0;0.0;0.0;0.0;0.0;;1
1103030202;1;0.0;0.0;0.0;0.0;0.0;;1
1103030203;1;0.0;0.0;0.0;0.0;0.0;;1
1103030205;1;0.0;0.0;0.0;0.0;0.0;;1
1103040101;1;-0.003;0.0;0.0;0.0;0.0;;1
1103040102;1;0.0;0.0;0.0;0.0;0.0;;1
1103040103;1;0.0;0.0;0.0;0.0;0.0;;1
1103040104;1;0.0;0.0;0.0;0.0;0.0;;1
1103040105;1;0.0;0.0;0.0;0.0;0.0;;1
1103040113;1;0.0;0.0;0.0;0.0;0.0;;1
1103040116;1;0.0;0.0;0.0;0.0;0.0;;1
1103040122;1;0.0;0.0;0.0;0.0;0.0;;1
1103050101;1;0.0;0.0;0.0;0.0;0.0;;1
1103050112;1;0.0;0.0;0.0;0.0;0.0;;1
1103050202;1;0.0;0.0;0.0;0.0;0.0;;1
1103050203;1;0.0;0.0;0.0;0.0;0.0;;1
1103050205;1;-0.001;0.0;0.0;0.0;0.0;;1
1103050209;1;0.0;0.0;0.0;0.0;0.0;;1
1103050223;1;20789.0;443.0;0.0;-50.0;493.0;;0
1103050225;1;0.0;0.0;0.0;0.0;0.0;;1
1104010101;1;0.0;0.0;0.0;0.0;0.0;;1
1104010102;1;0.0;0.0;0.0;0.0;0.0;;1
1104010103;1;0.001;0.0;0.0;0.0;0.0;;1
1104010104;1;0.0;0.0;0.0;0.0;0.0;;1
1104010105;1;0.0;0.0;0.0;0.0;0.0;;1
1104010106;1;0.0;0.0;0.0;0.0;0.0;;1
1104010107;1;0.0;0.0;0.0;0.0;0.0;;1
1104010110;1;0.0;0.0;0.0;0.0;0.0;;1
1104010111;1;0.0;0.0;0.0;0.0;0.0;;1
1104010112;1;0.224;0.0;0.0;0.0;0.0;;1
1104010115;1;0.0;0.0;0.0;0.0;0.0;;1
1104010118;1;0.0;0.0;0.0;0.0;0.0;;1
1104010401;1;0.0;0.0;0.0;0.0;0.0;;1
1104010701;1;0.0;0.0;0.0;0.0;0.0;;1
1104010702;1;0.0;0.0;0.0;0.0;0.0;;1
1104010706;1;0.0;0.0;0.0;0.0;0.0;;1
1104010801;1;1666.56;6000.0;0.0;0.0;6000.0;0.0;0
1104010802;1;1370.995;84.0;0.0;0.0;84.0;0.0;0
1104010803;1;0.0;0.0;0.0;0.0;0.0;;1
1104010804;1;0.0;0.0;0.0;0.0;0.0;;1
1104010902;1;0.0;0.0;0.0;0.0;0.0;;1
1104010905;1;0.0;0.0;0.0;0.0;0.0;;1
1104011301;1;1554.837;96.0;0.0;0.0;96.0;0.0;0
1105080301;1;0.0;0.0;0.0;0.0;0.0;;1
1105080302;1;0.0;0.0;0.0;0.0;0.0;;1
1105080303;1;0.0;0.0;0.0;0.0;0.0;;1
1105080304;1;0.0;0.0;0.0;0.0;0.0;;1
1105080305;1;0.0;0.0;0.0;0.0;0.0;;1
1105090101;1;0.0;0.0;0.0;0.0;0.0;;1
1105090117;1;0.0;0.0;0.0;0.0;0.0;;1
1105090118;1;0.0;0.0;0.0;0.0;0.0;;1
1105090119;1;0.0;0.0;0.0;0.0;0.0;;1
1105090129;1;0.0;0.0;0.0;0.0;0.0;;1
1105090143;1;0.0;0.0;0.0;0.0;0.0;;1
1105090143;2;0.0;0.0;0.0;0.0;0.0;;1
1105090144;2;0.0;0.0;0.0;0.0;0.0;;1
1105090144;1;0.0;0.0;0.0;0.0;0.0;;1
1105090145;1;0.0;0.0;0.0;0.0;0.0;;1
1105090145;2;0.0;0.0;0.0;0.0;0.0;;1
1105090146;1;0.0;0.0;0.0;0.0;0.0;;1
1105090147;1;0.0;0.0;0.0;0.0;0.0;;1
1105090148;1;0.0;0.0;0.0;0.0;0.0;;1
1105090149;1;0.0;0.0;0.0;0.0;0.0;;1
1105090150;1;0.0;0.0;0.0;0.0;0.0;;1
1105090150;2;0.0;0.0;0.0;0.0;0.0;;1
1105090151;2;0.0;0.0;0.0;0.0;0.0;;1
1105090151;1;0.0;0.0;0.0;0.0;0.0;;1
1105090152;1;0.0;0.0;0.0;0.0;0.0;;1
1105090152;2;0.0;0.0;0.0;0.0;0.0;;1
1105090153;2;0.0;0.0;0.0;0.0;0.0;;1
1105090153;1;0.0;0.0;0.0;0.0;0.0;;1
1105090154;1;0.0;0.0;0.0;0.0;0.0;;1
1105090154;2;0.0;0.0;0.0;0.0;0.0;;1
1105090155;2;0.0;0.0;0.0;0.0;0.0;;1
1105090155;1;0.0;0.0;0.0;0.0;0.0;;1
1105090156;1;0.0;0.0;0.0;0.0;0.0;;1
1106020116;1;0.0;0.0;0.0;0.0;0.0;;1
1106020201;2;0.002;0.0;0.0;0.0;0.0;;1
1106020201;1;345.719;80.0;0.0;0.0;80.0;0.0;0
1106020203;1;0.0;0.0;0.0;0.0;0.0;;1
1106020204;1;231311.25;53175.0;0.0;-3600.0;56775.0;;0
1106020204;2;0.0;0.0;0.0;0.0;0.0;;1
1106020204;4;0.0;0.0;0.0;0.0;0.0;;1
1106020204;7;0.0;0.0;0.0;0.0;0.0;;1
1106020206;1;141448.888;32516.988;0.0;-14400.0;46916.988;;0
1106020206;2;0.035;0.008;0.0;0.0;0.008;0.0;0
1106020208;1;-0.041;0.0;0.0;0.0;0.0;;1
1106020209;1;0.0;0.0;0.0;0.0;0.0;;1
1106020210;1;0.0;0.0;0.0;0.0;0.0;;1
1106020212;1;0.0;0.0;0.0;0.0;0.0;;1
1106020215;1;0.0;0.0;0.0;0.0;0.0;;1
1106020216;1;0.0;0.0;0.0;0.0;0.0;;1
1106020217;1;0.0;0.0;0.0;0.0;0.0;;1
1106020217;2;0.0;0.0;0.0;0.0;0.0;;1
1106020220;1;0.0;0.0;0.0;0.0;0.0;;1
1106020301;1;0.0;0.0;0.0;0.0;0.0;;1
1106020303;1;0.0;0.0;0.0;0.0;0.0;;1
1106020304;1;118892.064;46628.0;0.0;-1200.0;47828.0;;0
1106020304;2;0.02;0.008;0.0;0.0;0.008;0.0;0
1106020305;1;0.0;0.0;0.0;0.0;0.0;;1
1106020306;2;0.0;0.0;0.0;0.0;0.0;;1
1106020306;1;0.0;0.0;0.0;0.0;0.0;;1
1106020307;1;0.0;0.0;0.0;0.0;0.0;;1
1106020307;2;0.0;0.0;0.0;0.0;0.0;;1
1106020308;1;64292.36;26241.012;0.0;0.0;26241.012;0.0;0
1106020405;1;0.001;0.0;0.0;0.0;0.0;;1
1106020814;2;0.0;0.0;0.0;0.0;0.0;;1
1106020814;1;0.0;0.0;0.0;0.0;0.0;;1
1106020815;1;0.0;0.0;0.0;0.0;0.0;;1
1106020815;2;0.0;0.0;0.0;0.0;0.0;;1
1106021001;1;0.0;0.0;0.0;0.0;0.0;;1
1106021001;2;0.0;0.0;0.0;0.0;0.0;;1
1106021002;2;0.0;0.016;0.0;0.0;0.016;0.0;0
1106021002;1;31809.667;18312.992;0.0;0.0;18312.992;0.0;0
1106021003;1;0.0;0.0;0.0;0.0;0.0;;1
1106021008;1;0.0;0.0;0.0;0.0;0.0;;1
1106021013;2;0.017;0.008;0.0;0.0;0.008;0.0;0
1106021013;1;0.001;0.0;0.0;0.0;0.0;;1
1106021014;1;0.0;0.0;0.0;0.0;0.0;;1
1106021014;2;0.015;0.008;0.0;0.0;0.008;0.0;0
1106021101;1;0.0;0.0;0.0;0.0;0.0;;1
1106021101;2;0.0;0.0;0.0;0.0;0.0;;1
1106021201;2;0.0;0.0;0.0;0.0;0.0;;1
1106021201;1;0.0;0.0;0.0;0.0;0.0;;1
1106030102;1;0.0;0.0;0.0;0.0;0.0;;1
1106040102;1;0.0;0.0;0.0;0.0;0.0;;1
1106040115;1;0.0;0.0;0.0;0.0;0.0;;1
1106040117;1;0.0;0.0;0.0;0.0;0.0;;1
1106070505;1;22706.406;3984.0;0.0;0.0;3984.0;0.0;0
1106070806;1;3179.317;240.0;0.0;0.0;240.0;0.0;0
1106070902;1;0.0;0.0;0.0;0.0;0.0;;1
1106071102;1;0.0;0.0;0.0;0.0;0.0;;1
1106080111;1;0.0;0.0;0.0;0.0;0.0;;1
1106080203;1;-0.106;0.0;0.0;0.0;0.0;;1
1106080205;1;0.0;0.0;0.0;0.0;0.0;;1
1106080206;1;0.0;0.0;0.0;0.0;0.0;;1
1106080209;1;0.0;0.0;0.0;0.0;0.0;;1
1106080211;1;0.0;0.0;0.0;0.0;0.0;;1
1106080302;4;0.0;0.0;0.0;0.0;0.0;;1
1106080302;1;322852.166;111935.032;0.0;0.0;111935.032;0.0;0
1106080304;1;0.0;0.0;0.0;0.0;0.0;;1
1106080308;1;479.998;192.0;0.0;0.0;192.0;0.0;0
1106080310;1;0.0;0.0;0.0;0.0;0.0;;1
1106080402;1;0.0;0.0;0.0;0.0;0.0;;1
1106080407;1;17979.36;4104.0;0.0;0.0;4104.0;0.0;0
1106080605;1;0.0;0.0;0.0;0.0;0.0;;1
1106080610;1;31798.616;3294.016;0.0;0.0;3294.016;0.0;0
1106080613;1;17405.049;2131.0;0.0;0.0;2131.0;0.0;0
1106080613;4;0.0;0.0;0.0;0.0;0.0;;1
1106080615;1;0.001;0.0;0.0;0.0;0.0;;1
1106080622;1;0.0;0.0;0.0;0.0;0.0;;1
1106080625;1;54.95;7.0;0.0;0.0;7.0;0.0;0
1106080625;2;7.85;1.0;0.0;0.0;1.0;0.0;0
1106080627;1;0.0;0.0;0.0;0.0;0.0;;1
1106080704;1;0.0;0.0;0.0;0.0;0.0;;1
1106081002;1;0.0;0.0;0.0;0.0;0.0;;1
1106081104;1;-0.001;0.0;0.0;0.0;0.0;;1
1106081109;1;15630.294;498.0;0.0;0.0;498.0;0.0;0
1106081301;1;0.0;0.0;0.0;0.0;0.0;;1
1106081303;1;43513.674;948.0;0.0;0.0;948.0;0.0;0
1106081308;1;0.0;0.0;0.0;0.0;0.0;;1
1106081310;1;0.0;0.0;0.0;0.0;0.0;;1
1106081311;1;0.0;0.0;0.0;0.0;0.0;;1
1106081312;1;0.0;0.0;0.0;0.0;0.0;;1
1107010203;1;0.0;0.0;0.0;0.0;0.0;;1
1107030201;4;0.0;0.0;0.0;0.0;0.0;;1
1107030201;1;0.0;0.0;0.0;0.0;0.0;;1
1107030202;1;0.0;0.0;0.0;0.0;0.0;;1
1107030205;1;170494.012;131554.0;0.0;-450.0;132004.0;;0
1107030205;4;0.0;0.0;0.0;0.0;0.0;;1
1107030205;2;0.0;0.0;0.0;0.0;0.0;;1
1107030206;2;0.0;0.0;0.0;0.0;0.0;;1
1107030206;1;0.0;0.0;0.0;0.0;0.0;;1
1107030207;1;0.0;0.0;0.0;0.0;0.0;;1
1107030208;1;0.0;0.0;0.0;0.0;0.0;;1
1107030210;1;0.0;0.0;0.0;0.0;0.0;;1
1107030212;1;0.0;0.0;0.0;0.0;0.0;;1
1107030213;1;0.0;0.0;0.0;0.0;0.0;;1
1107030214;1;0.0;0.0;0.0;0.0;0.0;;1
1107030216;1;0.0;0.0;0.0;0.0;0.0;;1
1107030217;1;0.0;0.0;0.0;0.0;0.0;;1
1107030219;2;0.018;0.016;0.0;0.0;0.016;0.0;0
1107030219;1;9529.762;8448.0;0.0;0.0;8448.0;0.0;0
1107030220;1;0.0;0.0;0.0;0.0;0.0;;1
1107030302;1;0.0;0.0;0.0;0.0;0.0;;1
1107030303;1;0.0;0.0;0.0;0.0;0.0;;1
1107030304;1;0.0;0.0;0.0;0.0;0.0;;1
1107030305;1;195199.436;67894.0;0.0;1920.0;65974.0;0.029102373662351834;0
1107030305;2;0.042;0.016;0.0;0.0;0.016;0.0;0
1107030305;4;0.0;0.0;0.0;0.0;0.0;;1
1107030307;1;0.0;0.0;0.0;0.0;0.0;;1
1107030310;1;0.0;0.0;0.0;0.0;0.0;;1
1107030311;1;0.0;0.0;0.0;0.0;0.0;;1
1107030314;1;0.0;0.0;0.0;0.0;0.0;;1
1107030315;1;24.767;9.996;0.0;0.0;9.996;0.0;0
1107030315;2;0.01;0.004;0.0;0.0;0.004;0.0;0
1107030317;1;0.0;0.0;0.0;0.0;0.0;;1
1107030401;1;0.0;0.0;0.0;0.0;0.0;;1
1107030402;1;75.134;23.0;0.0;0.0;23.0;0.0;0
1107030403;1;0.0;0.0;0.0;0.0;0.0;;1
1107030406;1;0.0;0.0;0.0;0.0;0.0;;1
1107030501;1;0.0;0.0;0.0;0.0;0.0;;1
1107030508;1;0.0;0.0;0.0;0.0;0.0;;1
1107030510;1;0.0;0.0;0.0;0.0;0.0;;1
1107030512;2;0.0;0.0;0.0;0.0;0.0;;1
1107030512;1;0.0;0.0;0.0;0.0;0.0;;1
1107030601;1;0.0;0.0;0.0;0.0;0.0;;1
1107030701;1;15753.111;13968.0;0.0;0.0;13968.0;0.0;0
1107030701;2;0.0;0.0;0.0;0.0;0.0;;1
1107030811;1;0.0;0.0;0.0;0.0;0.0;;1
1107030812;1;0.0;0.0;0.0;0.0;0.0;;1
1107030825;1;0.0;0.0;0.0;0.0;0.0;;1
1107030901;1;0.0;0.0;0.0;0.0;0.0;;1
1107030902;1;0.0;0.0;0.0;0.0;0.0;;1
1107030904;1;0.0;0.0;0.0;0.0;0.0;;1
1107030907;2;0.0;0.0;0.0;0.0;0.0;;1
1107030907;1;2930.054;1687.0;0.0;0.0;1687.0;0.0;0
1107031206;1;0.0;0.0;0.0;0.0;0.0;;1
1107031207;1;0.0;0.0;0.0;0.0;0.0;;1
1107031208;1;-0.001;0.0;0.0;0.0;0.0;;1
1107031209;1;0.0;0.0;0.0;0.0;0.0;;1
1107040108;1;0.0;0.0;0.0;0.0;0.0;;1
1107040114;1;0.0;0.0;0.0;0.0;0.0;;1
1107040115;1;0.0;0.0;0.0;0.0;0.0;;1
1107040115;4;0.0;0.0;0.0;0.0;0.0;;1
1107040116;1;0.0;0.0;0.0;0.0;0.0;;1
1107040117;1;0.0;0.0;0.0;0.0;0.0;;1
1107040122;1;0.0;0.0;0.0;0.0;0.0;;1
1107040124;1;0.0;0.0;0.0;0.0;0.0;;1
1107040208;1;0.0;0.0;0.0;0.0;0.0;;1
1107040301;1;0.0;0.0;0.0;0.0;0.0;;1
1107040804;1;0.0;0.0;0.0;0.0;0.0;;1
1107040808;1;0.0;0.0;0.0;0.0;0.0;;1
1107041104;1;0.0;0.0;0.0;0.0;0.0;;1
1107041601;1;0.001;0.0;0.0;0.0;0.0;;1
1107041802;1;0.0;0.0;0.0;0.0;0.0;;1
1201010101;1;0.0;0.0;0.0;0.0;0.0;;1
1201010104;1;-0.012;0.0;0.0;0.0;0.0;;1
1201010105;1;0.0;0.0;0.0;0.0;0.0;;1
1201010106;1;0.0;0.0;0.0;0.0;0.0;;1
1201010107;1;0.0;0.0;0.0;0.0;0.0;;1
1201010108;1;-0.049;0.0;0.0;0.0;0.0;;1
1201010109;1;-0.001;0.0;0.0;0.0;0.0;;1
1201010201;1;0.012;0.0;0.0;0.0;0.0;;1
1201010301;1;0.017;0.0;0.0;0.0;0.0;;1
1201010402;1;0.0;0.0;0.0;0.0;0.0;;1
1201010410;1;0.0;0.0;0.0;0.0;0.0;;1
1201010411;1;0.0;0.0;0.0;0.0;0.0;;1
1201010601;1;0.0;0.0;0.0;0.0;0.0;;1
1201010602;1;0.003;0.0;0.0;0.0;0.0;;1
1201010603;1;-0.001;0.0;0.0;0.0;0.0;;1
1201010603;2;0.0;0.0;0.0;0.0;0.0;;1
1201010604;1;0.0;0.0;0.0;0.0;0.0;;1
1201020105;1;0.0;0.0;0.0;0.0;0.0;;1
1201020106;1;-0.001;0.0;0.0;0.0;0.0;;1
1201020107;1;0.0;0.0;0.0;0.0;0.0;;1
1201020109;1;-0.001;0.0;0.0;0.0;0.0;;1
1201020114;1;0.0;0.0;0.0;0.0;0.0;;1
1201020115;1;0.0;0.0;0.0;0.0;0.0;;1
1201020116;1;0.0;0.0;0.0;0.0;0.0;;1
1201020121;1;-0.001;0.0;0.0;0.0;0.0;;1
1201020122;1;0.0;0.0;0.0;0.0;0.0;;1
1201020125;1;0.0;0.0;0.0;0.0;0.0;;1
1201020131;1;-0.001;0.0;0.0;0.0;0.0;;1
1201020132;1;-0.001;0.0;0.0;0.0;0.0;;1
1201020134;1;0.0;0.0;0.0;0.0;0.0;;1
1201020135;1;0.0;0.0;0.0;0.0;0.0;;1
1201020202;1;0.0;0.0;0.0;0.0;0.0;;1
1201020203;1;0.0;0.0;0.0;0.0;0.0;;1
1201020204;1;0.0;0.0;0.0;0.0;0.0;;1
1201020209;1;0.0;0.0;0.0;0.0;0.0;;1
1201020217;1;-0.002;0.0;0.0;0.0;0.0;;1
1201020219;1;0.0;0.0;0.0;0.0;0.0;;1
1201020222;1;0.0;0.0;0.0;0.0;0.0;;1
1201020228;1;0.0;0.0;0.0;0.0;0.0;;1
1201020230;1;0.0;0.0;0.0;0.0;0.0;;1
1201020303;1;0.0;0.0;0.0;0.0;0.0;;1
1201020304;1;0.0;0.0;0.0;0.0;0.0;;1
1201020305;1;0.0;0.0;0.0;0.0;0.0;;1
1201020316;1;0.0;0.0;0.0;0.0;0.0;;1
1201020318;1;-0.001;0.0;0.0;0.0;0.0;;1
1201020319;1;0.0;0.0;0.0;0.0;0.0;;1
1201020322;1;-0.001;0.0;0.0;0.0;0.0;;1
1201020401;1;0.0;0.0;0.0;0.0;0.0;;1
1201020403;1;-0.001;0.0;0.0;0.0;0.0;;1
1201020404;1;0.0;0.0;0.0;0.0;0.0;;1
1201020405;1;-0.001;0.0;0.0;0.0;0.0;;1
1201020407;1;-0.001;0.0;0.0;0.0;0.0;;1
1201020414;1;0.0;0.0;0.0;0.0;0.0;;1
1201020426;1;0.0;0.0;0.0;0.0;0.0;;1
1201020437;1;-0.004;0.0;0.0;0.0;0.0;;1
1201020442;1;0.0;0.0;0.0;0.0;0.0;;1
1201020501;1;0.0;0.0;0.0;0.0;0.0;;1
1201020504;1;0.0;0.0;0.0;0.0;0.0;;1
1201020505;1;0.0;0.0;0.0;0.0;0.0;;1
1201020512;1;0.0;0.0;0.0;0.0;0.0;;1
1201020519;1;0.001;0.0;0.0;0.0;0.0;;1
1201020521;1;0.0;0.0;0.0;0.0;0.0;;1
1201020524;1;0.0;0.0;0.0;0.0;0.0;;1
1201020525;1;0.0;0.0;0.0;0.0;0.0;;1
1202010101;1;0.0;0.0;0.0;0.0;0.0;;1
1202010102;1;0.0;0.0;0.0;0.0;0.0;;1
1202010201;2;0.0;0.0;0.0;0.0;0.0;;1
1202010201;1;0.0;0.0;0.0;0.0;0.0;;1
1202010202;1;0.0;0.0;0.0;0.0;0.0;;1
1202010203;1;0.0;0.0;0.0;0.0;0.0;;1
1202010302;1;0.0;0.0;0.0;0.0;0.0;;1
1202010304;1;0.0;0.0;0.0;0.0;0.0;;1
1202010305;1;0.0;0.0;0.0;0.0;0.0;;1
1202010402;1;0.0;0.0;0.0;0.0;0.0;;1
1202010502;1;0.0;0.0;0.0;0.0;0.0;;1
1203010101;1;0.0;0.0;0.0;0.0;0.0;;1
1203010102;1;0.0;0.0;0.0;0.0;0.0;;1
1203010104;1;0.001;0.0;0.0;0.0;0.0;;1
1203010107;1;0.0;0.0;0.0;0.0;0.0;;1
1203010109;1;0.0;0.0;0.0;0.0;0.0;;1
1203010110;1;0.0;0.0;0.0;0.0;0.0;;1
1203020101;1;0.0;0.0;0.0;0.0;0.0;;1
1203030101;1;0.0;0.0;0.0;0.0;0.0;;1
1203030103;1;0.023;0.0;0.0;0.0;0.0;;1
1203030104;1;0.0;0.0;0.0;0.0;0.0;;1
1203030105;1;0.019;0.0;0.0;0.0;0.0;;1
1303010202;1;-0.001;0.0;0.0;0.0;0.0;;1
1303010208;1;0.0;15.0;0.0;0.0;15.0;0.0;0
1303010211;1;0.0;0.0;0.0;0.0;0.0;;1
1303010212;1;111.075;72.0;0.0;0.0;72.0;0.0;0
1303010213;1;0.0;0.0;0.0;0.0;0.0;;1
1303010214;1;-0.001;0.0;0.0;0.0;0.0;;1
1303010215;1;3489.287;315.0;0.0;0.0;315.0;0.0;0
1303020101;4;0.0;0.0;0.0;0.0;0.0;;1
1303020101;1;10267.778;4880.0;0.0;0.0;4880.0;0.0;0
1303020102;1;0.0;0.0;0.0;0.0;0.0;;1
1303020103;1;0.0;0.0;0.0;0.0;0.0;;1
1303020306;1;0.0;0.0;0.0;0.0;0.0;;1
1303020307;1;0.0;0.0;0.0;0.0;0.0;;1
1303020308;1;0.0;0.0;0.0;0.0;0.0;;1
1303030101;1;2697.291;225.0;0.0;0.0;225.0;0.0;0
1303030102;1;0.0;0.0;0.0;0.0;0.0;;1
1303030103;1;0.0;0.0;0.0;0.0;0.0;;1
1303030104;1;4194.973;360.0;0.0;0.0;360.0;0.0;0
1303030106;1;0.0;0.0;0.0;0.0;0.0;;1
1303030107;1;19450.377;819.0;0.0;0.0;819.0;0.0;0
1303030108;1;650.197;50.0;0.0;0.0;50.0;0.0;0
1303030112;1;0.0;0.0;0.0;0.0;0.0;;1
1303030115;1;0.0;0.0;0.0;0.0;0.0;;1
1303030116;1;0.0;0.0;0.0;0.0;0.0;;1
1303030201;1;250.919;20.0;0.0;0.0;20.0;0.0;0
1303030202;1;176.425;15.0;0.0;0.0;15.0;0.0;0
1303030203;1;0.0;0.0;0.0;0.0;0.0;;1
1303030204;1;0.0;0.0;0.0;0.0;0.0;;1
1303030205;1;-0.001;0.0;0.0;0.0;0.0;;1
1303030206;1;0.0;0.0;0.0;0.0;0.0;;1
1303030221;1;69.0;3.0;0.0;0.0;3.0;0.0;0
1303030222;1;1914.735;87.0;0.0;0.0;87.0;0.0;0
1303030223;1;-0.015;0.0;0.0;0.0;0.0;;1
1303030224;1;526.554;45.0;0.0;0.0;45.0;0.0;0
1303030225;1;8483.37;725.0;0.0;0.0;725.0;0.0;0
1303030226;1;-0.002;0.0;0.0;0.0;0.0;;1
1303030227;1;0.0;0.0;0.0;0.0;0.0;;1
1303030401;1;0.0;0.0;0.0;0.0;0.0;;1
1303030402;1;19.385;1.0;0.0;0.0;1.0;0.0;0
1303030601;1;0.0;0.0;0.0;0.0;0.0;;1
1303030602;1;15.199;1.0;0.0;0.0;1.0;0.0;0
1303030603;1;42.213;2.0;0.0;0.0;2.0;0.0;0
1303030604;1;-0.001;0.0;0.0;0.0;0.0;;1
1303040401;1;141.659;72.0;0.0;408.0;-336.0;;0
1303040402;1;0.0;0.0;0.0;0.0;0.0;;1
1303040405;1;0.0;0.0;0.0;0.0;0.0;;1
1303040406;1;0.001;0.0;0.0;0.0;0.0;;1
1303040407;1;0.0;0.0;0.0;0.0;0.0;;1
1303040408;1;0.0;0.0;0.0;0.0;0.0;;1
1303040501;1;0.0;0.0;0.0;0.0;0.0;;1
1303040503;1;0.0;0.0;0.0;0.0;0.0;;1
1303040505;1;0.0;0.0;0.0;0.0;0.0;;1
1303040506;1;0.0;0.0;0.0;0.0;0.0;;1
1304010117;1;0.0;0.0;0.0;0.0;0.0;;1
1304010120;1;466.935;132.0;0.0;0.0;132.0;0.0;0
1304010122;1;-0.001;0.0;0.0;0.0;0.0;;1
1304010123;1;0.001;0.0;0.0;0.0;0.0;;1
1304010124;1;0.0;0.0;0.0;0.0;0.0;;1
1304010168;1;2671.205;456.0;0.0;0.0;456.0;0.0;0
1304010168;2;70.295;12.0;0.0;0.0;12.0;0.0;0
1304010169;1;2749.777;1105.0;0.0;-36.0;1141.0;;0
1304010170;1;2956.338;1188.0;0.0;-36.0;1224.0;;0
1304010171;1;4.977;2.0;0.0;0.0;2.0;0.0;0
1304010171;4;0.0;0.0;0.0;0.0;0.0;;1
1304010172;1;3822.335;1536.0;0.0;-36.0;1572.0;;0
1304010173;1;776.41;312.0;0.0;0.0;312.0;0.0;0
1304010174;1;2866.752;1152.0;0.0;0.0;1152.0;0.0;0
1304010175;1;597.24;240.0;0.0;-36.0;276.0;;0
1304010176;1;149.31;60.0;0.0;-36.0;96.0;;0
1304010177;1;597.239;240.0;0.0;0.0;240.0;0.0;0
1304010178;1;6006.995;1600.0;0.0;0.0;1600.0;0.0;0
1304010179;1;4157.459;1116.0;0.0;-60.0;1176.0;;0
1304010179;2;11.27;3.0;0.0;0.0;3.0;0.0;0
1304010180;1;2740.484;734.0;0.0;0.0;734.0;0.0;0
1304010181;1;6742.122;1796.0;0.0;-60.0;1856.0;;0
1304010182;1;897.666;239.0;0.0;0.0;239.0;0.0;0
1304010183;1;5454.028;1452.0;0.0;0.0;1452.0;0.0;0
1304010184;1;2659.562;708.0;0.0;0.0;708.0;0.0;0
1304010184;4;0.0;0.0;0.0;0.0;0.0;;1
1304010185;1;1262.009;336.0;0.0;-60.0;396.0;;0
1304010186;1;2885.0;768.0;0.0;0.0;768.0;0.0;0
1304010187;1;0.003;0.0;0.0;0.0;0.0;;1
1304010188;1;0.0;0.0;0.0;0.0;0.0;;1
1304010189;1;0.0;0.0;0.0;0.0;0.0;;1
1304010190;1;0.0;0.0;0.0;0.0;0.0;;1
1304010191;1;0.0;0.0;0.0;0.0;0.0;;1
1304010192;1;2416.287;448.0;0.0;0.0;448.0;0.0;0
1304010193;1;2200.548;408.0;0.0;0.0;408.0;0.0;0
1304010193;2;15.918;3.0;0.0;0.0;3.0;0.0;0
1304010194;1;2286.844;424.0;0.0;0.0;424.0;0.0;0
1304010195;1;4832.532;896.0;0.0;0.0;896.0;0.0;0
1304010196;1;2764.327;513.0;0.0;0.0;513.0;0.0;0
1304010197;1;2192.705;360.0;0.0;0.0;360.0;0.0;0
1304010198;1;3473.953;552.0;0.0;0.0;552.0;0.0;0
1304010199;1;0.0;0.0;0.0;0.0;0.0;;1
1304010301;1;993.93;324.0;0.0;0.0;324.0;0.0;0
1304010302;1;421.732;72.0;0.0;0.0;72.0;0.0;0
1304010303;1;421.732;72.0;0.0;0.0;72.0;0.0;0
1304010304;1;580.948;189.0;0.0;0.0;189.0;0.0;0
1304010305;1;547.083;178.0;0.0;0.0;178.0;0.0;0
1304010306;1;553.32;180.0;0.0;0.0;180.0;0.0;0
1304010307;4;0.0;0.0;0.0;0.0;0.0;;1
1304010307;1;1198.512;390.0;0.0;0.0;390.0;0.0;0
1304010308;1;1161.635;378.0;0.0;0.0;378.0;0.0;0
1304010308;4;0.0;0.0;0.0;0.0;0.0;;1
1304010309;1;0.0;0.0;0.0;0.0;0.0;;1
1304010310;1;-0.001;0.0;0.0;0.0;0.0;;1
1304010311;1;0.0;0.0;0.0;0.0;0.0;;1
1304010312;1;0.0;0.0;0.0;0.0;0.0;;1
1304010313;1;0.0;0.0;0.0;0.0;0.0;;1
1304010314;1;0.0;0.0;0.0;0.0;0.0;;1
1304010315;1;2718.324;504.0;0.0;0.0;504.0;0.0;0
1304010316;1;0.0;60.0;0.0;0.0;60.0;0.0;0
1304010317;1;0.0;60.0;0.0;0.0;60.0;0.0;0
1304010501;1;0.0;0.0;0.0;0.0;0.0;;1
1304010502;1;0.0;0.0;0.0;0.0;0.0;;1
1304010512;1;773.176;132.0;0.0;0.0;132.0;0.0;0
1304010513;1;492.021;84.0;0.0;0.0;84.0;0.0;0
1304010514;1;492.021;84.0;0.0;0.0;84.0;0.0;0
1304010603;1;1717.621;288.0;0.0;0.0;288.0;0.0;0
1304010901;1;-0.001;0.0;0.0;0.0;0.0;;1
1304010902;1;0.001;0.0;0.0;0.0;0.0;;1
1304020206;1;0.0;0.0;0.0;0.0;0.0;;1
1304020207;1;0.0;0.0;0.0;0.0;0.0;;1
1304020208;1;0.0;0.0;0.0;0.0;0.0;;1
1304020209;1;0.0;0.0;0.0;0.0;0.0;;1
1304020210;1;0.0;0.0;0.0;0.0;0.0;;1
1304020305;1;0.0;0.0;0.0;0.0;0.0;;1
1304020306;1;0.0;0.0;0.0;0.0;0.0;;1
1304030110;1;136.553;39.0;0.0;0.0;39.0;0.0;0
1304030111;1;272.274;144.0;0.0;0.0;144.0;0.0;0
1304030112;1;327.756;312.0;0.0;0.0;312.0;0.0;0
1304030113;1;0.0;2418.0;0.0;0.0;2418.0;0.0;0
1304030113;4;0.0;0.0;0.0;0.0;0.0;;1
1304030303;1;0.0;0.0;0.0;0.0;0.0;;1
1304030304;1;0.0;0.0;0.0;0.0;0.0;;1
1304030305;1;0.0;0.0;0.0;0.0;0.0;;1
1304030306;1;0.0;0.0;0.0;0.0;0.0;;1
1304030307;1;0.0;0.0;0.0;0.0;0.0;;1
1305010103;1;0.0;0.0;0.0;0.0;0.0;;1
1305010104;1;0.0;0.0;0.0;0.0;0.0;;1
1305010105;1;0.0;0.0;0.0;0.0;0.0;;1
1305010106;1;466.534;216.0;0.0;0.0;216.0;0.0;0
1305010116;1;135.244;62.0;0.0;0.0;62.0;0.0;0
1305010117;1;667.879;311.0;0.0;0.0;311.0;0.0;0
1305010118;1;205.993;96.0;0.0;0.0;96.0;0.0;0
1305010120;1;264.84;120.0;0.0;0.0;120.0;0.0;0
1305010121;1;264.84;120.0;0.0;0.0;120.0;0.0;0
1305010122;1;264.84;120.0;0.0;0.0;120.0;0.0;0
1305010123;1;397.26;180.0;0.0;0.0;180.0;0.0;0
1305010124;1;291.324;132.0;0.0;0.0;132.0;0.0;0
1305010125;1;238.356;108.0;0.0;0.0;108.0;0.0;0
1305010126;1;397.26;180.0;0.0;0.0;180.0;0.0;0
1305010127;1;238.356;108.0;0.0;0.0;108.0;0.0;0
1305010128;1;238.356;108.0;0.0;0.0;108.0;0.0;0
130501019;4;0.0;0.0;0.0;0.0;0.0;;1
130501019;1;595.731;277.0;0.0;0.0;277.0;0.0;0
1305010501;1;288.0;96.0;0.0;0.0;96.0;0.0;0
1305010502;1;288.0;96.0;0.0;0.0;96.0;0.0;0
1305010503;1;288.0;96.0;0.0;0.0;96.0;0.0;0
1305010603;1;410.87;48.0;0.0;0.0;48.0;0.0;0
1305010604;1;410.87;48.0;0.0;0.0;48.0;0.0;0
1305010605;1;342.392;40.0;0.0;0.0;40.0;0.0;0
1305010615;1;205.435;24.0;0.0;0.0;24.0;0.0;0
1305010616;1;0.0;0.0;0.0;0.0;0.0;;1
1305010617;1;0.0;0.0;0.0;0.0;0.0;;1
1305010618;1;-0.001;0.0;0.0;0.0;0.0;;1
1305010619;1;0.0;0.0;0.0;0.0;0.0;;1
1305010620;1;-0.002;0.0;0.0;0.0;0.0;;1
1305010621;1;-0.001;0.0;0.0;0.0;0.0;;1
1305010622;1;0.0;0.0;0.0;0.0;0.0;;1
1305010623;1;0.0;0.0;0.0;0.0;0.0;;1
1305010624;1;0.0;0.0;0.0;0.0;0.0;;1
1305030136;1;0.0;0.0;0.0;0.0;0.0;;1
1305030137;1;0.0;0.0;0.0;0.0;0.0;;1
1305030138;1;0.0;0.0;0.0;0.0;0.0;;1
1305030139;1;0.0;0.0;0.0;0.0;0.0;;1
1305030140;1;0.0;0.0;0.0;0.0;0.0;;1
1305030141;1;0.0;0.0;0.0;0.0;0.0;;1
1305030142;1;0.0;0.0;0.0;0.0;0.0;;1
1305030143;1;0.0;0.0;0.0;0.0;0.0;;1
1305030144;1;0.0;0.0;0.0;0.0;0.0;;1
1305030145;1;0.0;0.0;0.0;0.0;0.0;;1
1305030146;1;0.0;0.0;0.0;0.0;0.0;;1
1305030147;1;0.0;0.0;0.0;0.0;0.0;;1
1305030148;1;0.0;0.0;0.0;0.0;0.0;;1
1305030149;1;0.0;0.0;0.0;0.0;0.0;;1
1305030150;1;0.0;0.0;0.0;0.0;0.0;;1
1305030151;1;0.0;0.0;0.0;0.0;0.0;;1
1305030152;1;0.0;0.0;0.0;0.0;0.0;;1
1305030153;1;0.0;0.0;0.0;0.0;0.0;;1
1305030154;1;0.0;0.0;0.0;0.0;0.0;;1
1305030155;1;0.0;0.0;0.0;0.0;0.0;;1
1305030401;1;796.449;228.0;0.0;0.0;228.0;0.0;0
1305030402;1;880.284;252.0;0.0;0.0;252.0;0.0;0
1305030403;1;1006.042;288.0;0.0;0.0;288.0;0.0;0
1305040101;1;7213.57;612.0;0.0;0.0;612.0;0.0;0
1305040102;1;0.0;0.0;0.0;0.0;0.0;;1
1305040103;1;3052.864;162.0;0.0;0.0;162.0;0.0;0
1305040104;1;3513.245;138.0;0.0;0.0;138.0;0.0;0
1305040105;1;2235.313;126.0;0.0;0.0;126.0;0.0;0
1305040106;1;1912.302;108.0;0.0;0.0;108.0;0.0;0
1305040107;1;1734.064;72.0;0.0;0.0;72.0;0.0;0
1305040108;1;1878.569;78.0;0.0;0.0;78.0;0.0;0
1305040109;1;0.0;0.0;0.0;0.0;0.0;;1
1305040201;1;565.341;30.0;0.0;0.0;30.0;0.0;0
1305040211;1;2902.529;114.0;0.0;0.0;114.0;0.0;0
1305040212;1;17439.758;685.0;0.0;0.0;685.0;0.0;0
1305040213;1;0.0;0.0;0.0;0.0;0.0;;1
1305040214;1;0.0;0.0;0.0;0.0;0.0;;1
1305040215;1;0.0;0.0;0.0;0.0;0.0;;1
1305040216;1;0.0;0.0;0.0;0.0;0.0;;1
1305040217;1;0.0;0.0;0.0;0.0;0.0;;1
1305040218;1;0.0;0.0;0.0;0.0;0.0;;1
1305040219;1;0.0;0.0;0.0;0.0;0.0;;1
1305040221;1;0.0;0.0;0.0;0.0;0.0;;1
1305040222;1;0.0;0.0;0.0;0.0;0.0;;1
1305040223;1;0.0;0.0;0.0;0.0;0.0;;1
1305040224;1;0.0;0.0;0.0;0.0;0.0;;1
1305040225;1;0.0;0.0;0.0;0.0;0.0;;1
1305040226;1;6625.186;276.0;0.0;0.0;276.0;0.0;0
1305050101;1;0.0;0.0;0.0;0.0;0.0;;1
1305050102;1;0.0;0.0;0.0;0.0;0.0;;1
1305050103;1;0.0;0.0;0.0;0.0;0.0;;1
1305060501;1;0.0;0.0;0.0;0.0;0.0;;1
1305060502;1;0.0;0.0;0.0;0.0;0.0;;1
1305060503;1;0.0;0.0;0.0;0.0;0.0;;1
1305060507;1;127.952;28.0;0.0;0.0;28.0;0.0;0
1305060508;1;146.231;32.0;0.0;0.0;32.0;0.0;0
1306010101;7;0.0;0.0;0.0;0.0;0.0;;1
1306010101;1;1028.258;276.0;0.0;0.0;276.0;0.0;0
1306010102;1;83.658;24.0;0.0;0.0;24.0;0.0;0
1306010102;7;0.0;0.0;0.0;0.0;0.0;;1
1306010103;7;0.0;0.0;0.0;0.0;0.0;;1
1306010103;1;713.715;204.0;0.0;0.0;204.0;0.0;0
1306010104;1;83.641;24.0;0.0;0.0;24.0;0.0;0
1306010104;7;0.0;0.0;0.0;0.0;0.0;;1
1306010105;7;0.0;0.0;0.0;0.0;0.0;;1
1306010105;1;632.511;180.0;0.0;0.0;180.0;0.0;0
1306010106;1;981.351;264.0;0.0;0.0;264.0;0.0;0
1306010106;7;0.0;0.0;0.0;0.0;0.0;;1
1306010107;1;41.497;12.0;0.0;0.0;12.0;0.0;0
1306010108;1;0.0;0.0;0.0;0.0;0.0;;1
1306010110;1;427.032;144.0;0.0;0.0;144.0;0.0;0
1306010111;1;474.48;160.0;0.0;0.0;160.0;0.0;0
1306010112;1;0.0;0.0;0.0;0.0;0.0;;1
1306010113;1;462.618;156.0;0.0;0.0;156.0;0.0;0
1306010119;1;668.924;108.0;0.0;0.0;108.0;0.0;0
1306010122;1;42.731;6.0;0.0;0.0;6.0;0.0;0
1306010123;1;1452.745;204.0;0.0;0.0;204.0;0.0;0
1306010124;1;555.461;78.0;0.0;0.0;78.0;0.0;0
1306010125;1;512.733;72.0;0.0;0.0;72.0;0.0;0
1306010126;1;0.0;0.0;0.0;0.0;0.0;;1
1306010127;1;41.498;12.0;0.0;0.0;12.0;0.0;0
1306010128;1;82.996;24.0;0.0;0.0;24.0;0.0;0
1306010129;1;41.498;12.0;0.0;0.0;12.0;0.0;0
1306010130;1;0.0;0.0;0.0;0.0;0.0;;1
1306010131;1;0.0;0.0;0.0;0.0;0.0;;1
1306010132;1;0.0;0.0;0.0;0.0;0.0;;1
1306010133;1;0.0;0.0;0.0;0.0;0.0;;1
1306010134;1;0.0;0.0;0.0;0.0;0.0;;1
1306010135;1;213.638;30.0;0.0;0.0;30.0;0.0;0
1306010136;1;299.095;42.0;0.0;0.0;42.0;0.0;0
1306010301;1;131.368;8.0;0.0;0.0;8.0;0.0;0
1306010302;1;197.052;12.0;0.0;0.0;12.0;0.0;0
1306010303;1;0.0;0.0;0.0;0.0;0.0;;1
1306010304;1;0.0;0.0;0.0;0.0;0.0;;1
1306010305;1;0.0;0.0;0.0;0.0;0.0;;1
1306010306;1;0.0;0.0;0.0;0.0;0.0;;1
1306010307;1;0.0;0.0;0.0;0.0;0.0;;1
1306010308;1;0.0;0.0;0.0;0.0;0.0;;1
1306020101;1;940.012;132.0;0.0;0.0;132.0;0.0;0
1306020102;1;478.983;120.0;0.0;0.0;120.0;0.0;0
1306020103;1;383.515;96.0;0.0;0.0;96.0;0.0;0
1306020104;1;0.0;0.0;0.0;0.0;0.0;;1
1306020105;1;998.138;252.0;0.0;0.0;252.0;0.0;0
1306020106;1;0.0;0.0;0.0;0.0;0.0;;1
1306020107;1;432.059;108.0;0.0;0.0;108.0;0.0;0
1306020108;1;0.0;0.0;0.0;0.0;0.0;;1
1306020120;1;0.0;0.0;0.0;0.0;0.0;;1
1306020121;1;352.571;60.0;0.0;0.0;60.0;0.0;0
1306020122;1;0.0;0.0;0.0;0.0;0.0;;1
1306020123;1;317.315;54.0;0.0;0.0;54.0;0.0;0
1306020124;1;0.0;0.0;0.0;0.0;0.0;;1
1306020125;1;0.0;0.0;0.0;0.0;0.0;;1
1306020126;1;352.572;60.0;0.0;0.0;60.0;0.0;0
1306020127;1;0.0;0.0;0.0;0.0;0.0;;1
1306020128;1;0.0;0.0;0.0;0.0;0.0;;1
1306020129;1;0.0;0.0;0.0;0.0;0.0;;1
1306020130;1;0.0;0.0;0.0;0.0;0.0;;1
1306020131;1;0.0;0.0;0.0;0.0;0.0;;1
1306020132;1;750.816;216.0;0.0;0.0;216.0;0.0;0
1306020133;1;531.827;153.0;0.0;0.0;153.0;0.0;0
1306020134;1;1042.797;300.0;0.0;0.0;300.0;0.0;0
1306020135;1;1338.564;396.0;0.0;0.0;396.0;0.0;0
1306020136;1;786.052;228.0;0.0;0.0;228.0;0.0;0
1306020137;1;340.119;108.0;0.0;0.0;108.0;0.0;0
1306020138;1;713.926;180.0;0.0;0.0;180.0;0.0;0
1306020139;1;0.0;0.0;0.0;0.0;0.0;;1
1306020141;1;742.429;180.0;0.0;0.0;180.0;0.0;0
1306020142;1;791.924;192.0;0.0;0.0;192.0;0.0;0
1306020143;1;841.419;204.0;0.0;0.0;204.0;0.0;0
1306020144;1;692.934;168.0;0.0;0.0;168.0;0.0;0
1306020145;1;897.284;126.0;0.0;0.0;126.0;0.0;0
1306020146;1;854.556;120.0;0.0;0.0;120.0;0.0;0
1306020307;1;65.684;4.0;0.0;0.0;4.0;0.0;0
1306020308;1;0.0;0.0;0.0;0.0;0.0;;1
1306020309;1;197.051;12.0;0.0;0.0;12.0;0.0;0
1306020310;1;0.0;0.0;0.0;0.0;0.0;;1
1306020311;1;0.0;0.0;0.0;0.0;0.0;;1
1306020312;1;0.0;0.0;0.0;0.0;0.0;;1
1306020313;1;0.0;0.0;0.0;0.0;0.0;;1
1306020314;1;0.0;0.0;0.0;0.0;0.0;;1
1306020315;1;3218.516;196.0;0.0;0.0;196.0;0.0;0
1306030107;1;7566.0;194.0;0.0;-12.0;206.0;;0
1306030108;1;11687.743;892.0;0.0;0.0;892.0;0.0;0
1306030109;1;497.182;68.0;0.0;0.0;68.0;0.0;0
1306050101;1;1866.241;108.0;0.0;-12.0;120.0;;0
1401040101;1;1606.295;480.0;0.0;0.0;480.0;0.0;0
1402010101;1;10644.481;4620.0;0.0;0.0;4620.0;0.0;0
1402010113;1;0.0;0.0;0.0;0.0;0.0;;1
1402010114;1;0.0;0.0;0.0;0.0;0.0;;1
1402010115;1;0.001;0.0;0.0;0.0;0.0;;1
1402010116;1;57.066;38.0;0.0;0.0;38.0;0.0;0
1402010117;1;180.0;36.0;0.0;0.0;36.0;0.0;0
1402010118;1;573.215;240.0;0.0;0.0;240.0;0.0;0
1402010119;1;360.532;132.0;0.0;0.0;132.0;0.0;0
1402010120;1;16473.086;7688.0;0.0;-320.0;8008.0;;0
1402010121;1;0.0;0.0;0.0;0.0;0.0;;1
1402010122;1;0.0;0.0;0.0;0.0;0.0;;1
1402010123;1;0.0;0.0;0.0;0.0;0.0;;1
1402010124;1;144.084;24.0;0.0;0.0;24.0;0.0;0
1402010125;1;191.382;24.0;0.0;0.0;24.0;0.0;0
1403010106;1;71.423;24.0;0.0;0.0;24.0;0.0;0
1403010107;1;0.0;0.0;0.0;0.0;0.0;;1
1403010108;1;-0.001;0.0;0.0;0.0;0.0;;1
1403010109;1;0.0;0.0;0.0;0.0;0.0;;1
1403010110;1;75.528;24.0;0.0;0.0;24.0;0.0;0
1403010111;1;0.0;0.0;0.0;0.0;0.0;;1
1404020201;1;813.271;287.0;0.0;0.0;287.0;0.0;0
1404020202;1;3892.861;996.0;0.0;0.0;996.0;0.0;0
1404020202;2;39.085;10.0;0.0;0.0;10.0;0.0;0
1404020203;1;930.235;324.0;0.0;0.0;324.0;0.0;0
1404020204;1;34650.151;8928.0;0.0;0.0;8928.0;0.0;0
1404020205;1;0.0;0.0;0.0;0.0;0.0;;1
1405010101;1;9088.058;2124.0;0.0;0.0;2124.0;0.0;0
1405010101;2;43.995;11.0;0.0;0.0;11.0;0.0;0
1405010104;1;17744.854;9264.0;0.0;0.0;9264.0;0.0;0
1405010111;1;2880.067;5328.0;0.0;0.0;5328.0;0.0;0
1405010111;2;31.688;62.0;0.0;0.0;62.0;0.0;0
1405010113;1;0.003;0.0;0.0;0.0;0.0;;1
1405010114;1;0.0;0.0;0.0;0.0;0.0;;1
1405010115;1;0.0;0.0;0.0;0.0;0.0;;1
1405010116;1;899.892;1260.0;0.0;0.0;1260.0;0.0;0
1405010117;1;1594.096;2232.0;0.0;0.0;2232.0;0.0;0
1405010212;2;6.229;1.0;0.0;0.0;1.0;0.0;0
1405010212;1;2391.956;384.0;0.0;0.0;384.0;0.0;0
1405010213;1;0.0;0.0;0.0;0.0;0.0;;1
1405010301;1;0.0;0.0;0.0;0.0;0.0;;1
1405020222;1;0.0;0.0;0.0;0.0;0.0;;1
1405020223;1;0.0;0.0;0.0;0.0;0.0;;1
1405020224;1;2059.777;114.0;0.0;0.0;114.0;0.0;0
1405020225;1;1102.162;61.0;0.0;0.0;61.0;0.0;0
1405020226;1;2385.005;132.0;0.0;0.0;132.0;0.0;0
1405020227;1;0.0;0.0;0.0;0.0;0.0;;1
1405020230;1;0.0;0.0;0.0;0.0;0.0;;1
1405020231;1;0.0;0.0;0.0;0.0;0.0;;1
1405020231;2;6.79;2.0;0.0;0.0;2.0;0.0;0
1405020232;1;0.0;0.0;0.0;0.0;0.0;;1
1405020233;1;433.632;960.0;0.0;-800.0;1760.0;;0
1405020234;1;554.7;600.0;0.0;0.0;600.0;0.0;0
1405020235;1;1664.1;1800.0;0.0;0.0;1800.0;0.0;0
1405020236;1;924.5;1000.0;0.0;0.0;1000.0;0.0;0
1405020237;1;0.0;0.0;0.0;0.0;0.0;;1
1405020238;1;5500.158;3860.0;0.0;0.0;3860.0;0.0;0
1405020238;2;25.192;20.0;0.0;0.0;20.0;0.0;0
1405020239;2;27.578;20.0;0.0;0.0;20.0;0.0;0
1405020239;1;5081.328;3360.0;0.0;0.0;3360.0;0.0;0
1405020240;1;3115.267;702.0;0.0;0.0;702.0;0.0;0
1405020240;2;26.626;6.0;0.0;0.0;6.0;0.0;0
1405020240;7;0.0;0.0;0.0;0.0;0.0;;1
1405020241;2;27.607;6.0;0.0;0.0;6.0;0.0;0
1405020241;1;5631.753;1224.0;0.0;0.0;1224.0;0.0;0
1405020242;1;3450.805;185.0;0.0;-10.0;195.0;;0
1405020242;7;0.0;0.0;0.0;0.0;0.0;;1
1405020242;2;19.16;1.0;0.0;0.0;1.0;0.0;0
1405020243;2;57.473;3.0;0.0;0.0;3.0;0.0;0
1405020243;7;0.0;0.0;0.0;0.0;0.0;;1
1405020243;1;5409.37;290.0;0.0;-10.0;300.0;;0
1405020244;1;19399.12;1040.0;0.0;-10.0;1050.0;;0
1405020244;7;0.0;0.0;0.0;0.0;0.0;;1
1405020244;2;38.32;2.0;0.0;0.0;2.0;0.0;0
1405020245;1;0.0;0.0;0.0;0.0;0.0;;1
1405020246;1;0.0;0.0;0.0;0.0;0.0;;1
1405020247;1;0.0;0.0;0.0;0.0;0.0;;1
1405020248;1;0.0;0.0;0.0;0.0;0.0;;1
1405020249;1;0.0;0.0;0.0;0.0;0.0;;1
1405020250;1;0.0;0.0;0.0;0.0;0.0;;1
1405020251;1;0.0;0.0;0.0;0.0;0.0;;1
1405020252;1;732.098;132.0;0.0;0.0;132.0;0.0;0
1405020253;1;998.316;180.0;0.0;0.0;180.0;0.0;0
1405020254;1;1192.433;215.0;0.0;0.0;215.0;0.0;0
1405020255;1;1136.923;311.0;0.0;0.0;311.0;0.0;0
1405020256;1;0.0;0.0;0.0;0.0;0.0;;1
1405030102;1;2454.019;288.0;0.0;0.0;288.0;0.0;0
1405030103;1;3002.083;240.0;0.0;0.0;240.0;0.0;0
1405030104;1;0.0;0.0;0.0;0.0;0.0;;1
1405030105;1;0.0;0.0;0.0;0.0;0.0;;1
1405030106;1;0.0;0.0;0.0;0.0;0.0;;1
1405030106;2;11.484;1.0;0.0;0.0;1.0;0.0;0
1405030107;1;0.0;0.0;0.0;0.0;0.0;;1
1405030108;1;206.712;18.0;0.0;0.0;18.0;0.0;0
1405030108;2;11.484;1.0;0.0;0.0;1.0;0.0;0
1405030109;2;34.455;3.0;0.0;0.0;3.0;0.0;0
1405030109;1;0.0;0.0;0.0;0.0;0.0;;1
1405030110;1;0.0;0.0;0.0;0.0;0.0;;1
1405030112;1;2593.428;127.0;0.0;-30.0;157.0;;0
1405030201;1;2802.941;876.0;0.0;-480.0;1356.0;;0
1405030202;1;4793.652;792.0;0.0;-480.0;1272.0;;0
1405030202;2;24.21;4.0;0.0;0.0;4.0;0.0;0
1405030203;1;9584.492;1086.0;0.0;0.0;1086.0;0.0;0
1405030204;1;11719.491;882.0;0.0;-75.0;957.0;;0
1405030204;2;39.862;3.0;0.0;0.0;3.0;0.0;0
1407010111;1;0.0;0.0;0.0;0.0;0.0;;1
1407010112;1;6667.197;2280.0;0.0;0.0;2280.0;0.0;0
1407010113;1;3168.989;576.0;0.0;-60.0;636.0;;0
1407010114;1;301.336;26.0;0.0;0.0;26.0;0.0;0
1407010115;1;5887.513;508.0;0.0;-30.0;538.0;;0
1407010116;1;2672.692;914.0;0.0;-120.0;1034.0;;0
1407010116;2;2.924;1.0;0.0;0.0;1.0;0.0;0
1407010117;1;2805.87;510.0;0.0;-60.0;570.0;;0
1407010118;1;2514.914;217.0;0.0;-30.0;247.0;;0
1407010119;1;2516.828;414.0;0.0;-60.0;474.0;;0
1407010120;1;5655.942;451.0;0.0;-45.0;496.0;;0
1407010120;2;37.623;3.0;0.0;0.0;3.0;0.0;0
1407010120;4;0.0;0.0;0.0;0.0;0.0;;1
1407010121;1;0.0;0.0;0.0;0.0;0.0;;1
1407010124;1;0.0;0.0;0.0;0.0;0.0;;1
1407010127;2;28.422;12.0;0.0;0.0;12.0;0.0;0
1407010127;1;8474.718;3480.0;0.0;0.0;3480.0;0.0;0
1407010128;1;0.0;0.0;0.0;0.0;0.0;;1
1407010129;1;0.0;0.0;0.0;0.0;0.0;;1
1408010301;2;7.122;3.0;0.0;0.0;3.0;0.0;0
1408010301;1;0.0;0.0;0.0;0.0;0.0;;1
1408010302;1;0.0;0.0;0.0;0.0;0.0;;1
1408010302;2;8.73;3.0;0.0;0.0;3.0;0.0;0
1408010303;2;17.137;4.0;0.0;0.0;4.0;0.0;0
1408010303;1;0.0;0.0;0.0;0.0;0.0;;1
1408010304;1;0.0;0.0;0.0;0.0;0.0;;1
1408010305;1;0.0;0.0;0.0;0.0;0.0;;1
1408010306;1;0.0;0.0;0.0;0.0;0.0;;1
1408010807;2;4.693;3.0;0.0;0.0;3.0;0.0;0
1408010807;1;1299.138;831.0;0.0;-120.0;951.0;;0
1408010808;1;1154.232;426.0;0.0;0.0;426.0;0.0;0
1408010808;2;11.626;4.0;0.0;0.0;4.0;0.0;0
1408010809;2;36.707;7.0;0.0;0.0;7.0;0.0;0
1408010809;1;2327.171;444.0;0.0;0.0;444.0;0.0;0
1408010810;1;0.0;0.0;0.0;0.0;0.0;;1
1408010812;1;0.0;0.0;0.0;0.0;0.0;;1
1408010819;1;0.0;0.0;0.0;0.0;0.0;;1
1408010820;1;0.0;0.0;0.0;0.0;0.0;;1
1408010821;1;0.0;0.0;0.0;0.0;0.0;;1
1408010822;1;0.0;0.0;0.0;0.0;0.0;;1
1408010822;2;40.99;12.0;0.0;0.0;12.0;0.0;0
1408010823;1;0.0;0.0;0.0;0.0;0.0;;1
1408010824;1;0.0;0.0;0.0;0.0;0.0;;1
1408010824;2;20.495;6.0;0.0;0.0;6.0;0.0;0
1408010826;1;0.0;0.0;0.0;0.0;0.0;;1
1408010829;1;0.0;0.0;0.0;0.0;0.0;;1
1408010830;1;0.0;0.0;0.0;0.0;0.0;;1
1408010831;1;0.0;0.0;0.0;0.0;0.0;;1
1408010832;1;563.148;360.0;0.0;0.0;360.0;0.0;0
1408010833;1;788.407;504.0;0.0;0.0;504.0;0.0;0
1409030302;1;0.0;0.0;0.0;0.0;0.0;;1
1409030304;1;979.273;840.0;0.0;0.0;840.0;0.0;0
1409030312;1;8194.888;8994.0;0.0;0.0;8994.0;0.0;0
1409030313;1;0.0;0.0;0.0;0.0;0.0;;1
1409030314;1;1119.554;960.0;0.0;0.0;960.0;0.0;0
1409030315;1;0.0;0.0;0.0;0.0;0.0;;1
1409040501;1;4809.0;6000.0;0.0;0.0;6000.0;0.0;0
1409040502;1;641.52;600.0;0.0;0.0;600.0;0.0;0
1409060503;1;0.0;0.0;0.0;0.0;0.0;;1
1409060522;1;78.566;8.0;0.0;0.0;8.0;0.0;0
1409060523;1;5845.39;470.0;0.0;0.0;470.0;0.0;0
1409060524;1;0.0;0.0;0.0;0.0;0.0;;1
1409060525;1;146.566;19.0;0.0;0.0;19.0;0.0;0
1409060526;1;411.312;96.0;0.0;0.0;96.0;0.0;0
1409060527;1;7638.72;600.0;0.0;0.0;600.0;0.0;0
5002150102;1;0.0;201.0;0.0;0.0;201.0;0.0;0
5002150103;1;0.0;9.0;0.0;0.0;9.0;0.0;0
5002150104;1;0.0;0.001;0.0;0.0;0.001;0.0;0
5002150105;1;0.0;4.0;0.0;-4.0;8.0;;0
60010200;5;0.0;0.0;0.0;0.0;0.0;;1
60010200;1;14.101;1.0;0.0;0.0;1.0;0.0;0
60010201;5;165733.34;1532.003;0.0;0.0;1532.003;0.0;0
60010201;1;0.0;0.0;0.0;0.0;0.0;;1
60010201;4;0.0;0.0;0.0;0.0;0.0;;1
60010202;4;0.015;0.0;0.0;0.0;0.0;;1
60010202;5;0.0;0.0;0.0;0.0;0.0;;1
60010203;5;3840.12;32.001;0.0;0.0;32.001;0.0;0
60010203;4;0.0;0.0;0.0;0.0;0.0;;1
60010204;5;52823.186;2954.006;0.0;0.0;2954.006;0.0;0
60010204;4;0.0;0.0;0.0;0.0;0.0;;1
60010204;1;0.0;0.0;0.0;0.0;0.0;;1
60010205;5;9842.553;487.002;0.0;0.0;487.002;0.0;0
60010205;1;0.0;0.0;0.0;0.0;0.0;;1
60010206;5;3421.766;128.001;0.0;0.0;128.001;0.0;0
60010207;1;4536.0;432.0;0.0;0.0;432.0;0.0;0
60010208;1;0.009;0.001;0.0;0.0;0.001;0.0;0
60010208;5;0.0;0.0;0.0;0.0;0.0;;1
60010209;5;114.0;10.0;0.0;0.0;10.0;0.0;0
60010209;1;0.0;0.0;0.0;0.0;0.0;;1
60010210;1;0.002;0.001;0.0;0.0;0.001;0.0;0
60010210;7;0.0;0.0;0.0;0.0;0.0;;1
60010211;1;0.0;0.0;0.0;0.0;0.0;;1
60010215;1;0.0;0.0;0.0;0.0;0.0;;1
60010215;7;0.0;0.0;0.0;0.0;0.0;;1
60010217;5;87.0;6.0;0.0;0.0;6.0;0.0;0
78945;5;0.0;0.0;0.0;0.0;0.0;;1
78945;1;0.0;0.0;0.0;0.0;0.0;;1
78945;4;0.0;0.0;0.0;0.0;0.0;;1
AV-FN;4;-898527.825;0.0;0.0;0.0;0.0;;1
AV-FN;1;-9898907.497;0.0;0.0;0.0;0.0;;1
AV-FN;7;-4455.907;4.0;0.0;0.0;4.0;0.0;0
BAV;1;0.0;0.0;0.0;0.0;0.0;;1
SODEXO;1;0.0;3.0;0.0;-43.0;46.0;;0
SODEXO_10;1;0.0;110.001;0.0;-2.0;112.001;;0
SODEXO_50;1;0.0;71.0;0.0;-9.0;80.0;;0
TEST_COND;1;0.0;1.0;0.0;0.0;1.0;0.0;0
